# https://github.com/mikedh/trimesh

o convex_0
v -0.01769330 0.02829720 0.03195180
v -0.01769330 0.02816930 0.03007720
v -0.02144540 0.02805200 0.03007720
v -0.02144540 0.02816390 0.03195180
v -0.01769330 0.02829190 0.03382120
v -0.01581720 0.02829190 0.03195180
v -0.01581720 0.02816930 0.03007720
v -0.01769330 0.02792940 0.02820270
v -0.02144540 0.02779620 0.02820270
v -0.03831160 0.02638920 0.02632810
v -0.08056830 0.02350590 0.03097350
v -0.03831160 0.02686350 0.03757540
v -0.02144540 0.02815860 0.03382120
v -0.08071400 0.02354320 0.03654590
v -0.02144540 0.02804140 0.03569570
v -0.01769330 0.02814260 0.03569570
v -0.01581720 0.02827050 0.03382120
v -0.01394120 0.02824920 0.03195180
v -0.01206510 0.02811070 0.03007720
v -0.01581720 0.02792410 0.02820270
v -0.01206510 0.02788150 0.02820270
v -0.01769330 0.02756170 0.02632810
v -0.00323129 0.02538190 0.01410260
v -0.00366843 0.02538190 0.01410260
v -0.02144540 0.02743910 0.02647150
v -0.02144540 0.02721000 0.02553420
v -0.03831160 0.02582430 0.02444840
v -0.04013300 0.02563240 0.02433060
v -0.04018770 0.02622400 0.02632810
v -0.07958480 0.02327680 0.02999010
v -0.08129690 0.02313290 0.03024110
v -0.08331860 0.02264790 0.03195180
v -0.08129690 0.02337270 0.03212080
v -0.04073410 0.02533400 0.02362380
v -0.03831160 0.02676760 0.03944990
v -0.08071400 0.02354320 0.03757540
v -0.08058650 0.02351660 0.03859460
v -0.08166120 0.02328210 0.03757540
v -0.02144540 0.02779090 0.03757540
v -0.01581720 0.02811070 0.03569570
v -0.01769330 0.02786020 0.03757540
v -0.00082704 0.02615470 0.04882780
v -0.01394120 0.02822260 0.03382120
v -0.01206510 0.02820130 0.03195180
v 0.04042790 0.02477440 0.02820270
v 0.01980950 0.02458780 0.01319600
v 0.01230530 0.02492360 0.01319600
v -0.00264844 0.02513140 0.01336500
v -0.08144260 0.02000440 0.02313730
v -0.04013300 0.02499290 0.02273780
v -0.08257190 0.01986050 0.02335240
v -0.08293610 0.02194970 0.02866870
v -0.08346430 0.02215220 0.03002600
v -0.08331860 0.02250930 0.03757540
v -0.09058610 0.01831500 0.03195180
v -0.08923820 0.01940750 0.03382120
v -0.08925640 0.01943950 0.03569570
v -0.02144540 0.02743910 0.03927580
v -0.07958480 0.02331940 0.03961380
v -0.03831160 0.02623470 0.04132450
v -0.08131510 0.02310620 0.03931170
v -0.08342790 0.02210430 0.03941920
v -0.01394120 0.02806270 0.03569570
v -0.00082704 0.02571240 0.05033870
v 0.01230530 0.02580300 0.04882780
v -0.01206510 0.02816930 0.03382120
v 0.04042790 0.02485960 0.03007720
v 0.07419680 0.02194970 0.02820270
v 0.07419680 0.02185380 0.02632810
v 0.07521680 0.02166190 0.02518600
v 0.07419680 0.02170460 0.02476600
v 0.01980950 0.02402820 0.01132150
v 0.07419680 0.02155000 0.02382870
v 0.07419680 0.02120890 0.02257390
v 0.01230530 0.02412950 0.01135730
v -0.00082704 0.02505680 0.01319600
v -0.00270309 0.02414010 0.01154170
v -0.08144260 0.01927430 0.02219490
v -0.08432040 0.01978590 0.02530890
v -0.08268110 0.01810180 0.02141640
v -0.08324580 0.01874130 0.02265580
v -0.08994860 0.01416330 0.02346510
v -0.09036750 0.01633770 0.02677880
v -0.08419290 0.02157130 0.02936530
v -0.08437510 0.02168860 0.03877390
v -0.08887390 0.01932760 0.03759590
v -0.09020360 0.01806450 0.03007720
v -0.09151500 0.01770210 0.03195180
v -0.09171530 0.01783000 0.03344730
v -0.09098680 0.01835230 0.03396970
v -0.09098680 0.01837890 0.03556770
v -0.09173350 0.01784060 0.03610550
v -0.09060430 0.01832560 0.03757540
v -0.08144260 0.02007370 0.04642570
v -0.07958480 0.02024430 0.04665110
v -0.03831160 0.02525940 0.04387510
v -0.03831160 0.02565370 0.04293780
v -0.08286330 0.02191240 0.04085840
v -0.08412010 0.02152870 0.04002360
v -0.01206510 0.02799870 0.03569570
v -0.00082704 0.02502490 0.05127600
v 0.01418140 0.02542990 0.04984700
v 0.01418140 0.02572840 0.04882780
v 0.02168560 0.02548850 0.04830030
v 0.02274200 0.02542990 0.04809540
v 0.04042790 0.02482230 0.03195180
v 0.07419680 0.02192840 0.03007720
v 0.07554460 0.02181110 0.03007720
v 0.07556280 0.02181650 0.02820270
v 0.07538070 0.02174190 0.02632810
v 0.07933320 0.01998840 0.02632810
v 0.07906000 0.01984450 0.02444840
v 0.07887780 0.01974860 0.02350090
v 0.07607280 0.02054800 0.02257390
v 0.02073840 0.02350060 0.01038420
v 0.01980950 0.02350590 0.01037390
v 0.07232070 0.02008440 0.01870700
v 0.07168330 0.01980720 0.01778510
v 0.07437890 0.02038280 0.02051500
v 0.07386890 0.02000980 0.01926010
v 0.01849810 0.02351130 0.01037390
v 0.01230530 0.02345260 0.01042000
v -0.00270309 0.02298900 0.01060440
v -0.08242610 0.01414190 0.01786190
v -0.08144260 0.01833630 0.02117570
v -0.09078640 0.01689730 0.02827950
v -0.08994860 0.01791530 0.02906310
v -0.08590500 0.01583140 0.02180050
v -0.08971180 0.01203150 0.02176470
v -0.09033110 0.01318260 0.02310650
v -0.09167890 0.01213270 0.02359820
v -0.09220710 0.01318260 0.02496570
v -0.09178820 0.01413660 0.02537030
v -0.09093210 0.01546900 0.02622050
v -0.09160600 0.01584740 0.02749590
v -0.09113250 0.01741960 0.03007720
v -0.09231640 0.01648160 0.03007720
v -0.09251680 0.01676410 0.03195180
v -0.09177000 0.01787260 0.03469190
v -0.09244390 0.01709450 0.03396970
v -0.09177000 0.01787260 0.03485580
v -0.09153320 0.01772870 0.03757540
v -0.09537640 0.01398210 0.03757540
v -0.09532170 0.01384880 0.03944990
v -0.09085930 0.01753690 0.03960360
v -0.08249900 0.01982860 0.04612360
v -0.08144260 0.01930630 0.04736300
v -0.07958480 0.01949280 0.04758840
v -0.08528580 0.02031350 0.04135520
v -0.08597790 0.01964200 0.04200060
v -0.08636040 0.01988720 0.04075090
v -0.00082704 0.02408690 0.05202380
v 0.01531060 0.02354860 0.05167550
v -0.07958480 0.01855480 0.04850510
v -0.07958480 0.01437640 0.05191620
v 0.02168560 0.02423080 0.05044630
v 0.01525600 0.02539260 0.04979070
v 0.02168560 0.02516870 0.04924270
v 0.07219320 0.02011100 0.03950120
v 0.07401470 0.02128890 0.03551130
v 0.07326790 0.02162460 0.03476360
v 0.07521680 0.02166190 0.03309390
v 0.07536250 0.02173650 0.03195180
v 0.07933320 0.01999380 0.03195180
v 0.07794890 0.02074520 0.03007720
v 0.07794890 0.02075590 0.02820270
v 0.07947890 0.02006310 0.02820270
v 0.08042600 0.01953540 0.02820270
v 0.08028030 0.01944480 0.02632810
v 0.08000710 0.01926360 0.02444840
v 0.07962460 0.01902910 0.02275310
v 0.07980670 0.01826170 0.02087350
v 0.07916920 0.01806450 0.01941890
v 0.07834960 0.01956210 0.02224610
v 0.07780320 0.01927960 0.02083250
v 0.07607280 0.01999910 0.02110390
v 0.01980950 0.02255730 0.00979519
v 0.07419680 0.01630570 0.01379010
v 0.06481650 0.01275630 0.00761334
v 0.07294000 0.01966870 0.01800530
v 0.07499820 0.01785660 0.01603860
v 0.07607280 0.01962070 0.02016670
v 0.07793070 0.01835760 0.01880430
v 0.07607280 0.01902380 0.01882480
v 0.07731140 0.01802180 0.01767240
v 0.01230530 0.02251460 0.00996421
v 0.01042930 0.02244540 0.00998982
v -0.00270309 0.02205100 0.01024590
v -0.01783900 0.01307600 0.00761334
v -0.01924150 0.01278290 0.00761334
v -0.01956930 0.01270300 0.00761334
v -0.04018770 0.01339050 0.01070170
v -0.08144260 0.01318260 0.01707830
v -0.08144260 0.01168500 0.01624860
v -0.08246260 0.01048060 0.01597200
v -0.08317290 0.01300140 0.01762120
v -0.08426580 0.01225530 0.01788240
v -0.09204320 0.01620450 0.02874560
v -0.09018530 0.01077900 0.02142150
v -0.09215250 0.01088560 0.02316800
v -0.09357320 0.01205280 0.02549330
v -0.09319070 0.01328920 0.02620010
v -0.09355500 0.01398210 0.02749070
v -0.09218890 0.01449370 0.02632810
v -0.09379170 0.01431780 0.02874040
v -0.09324530 0.01546900 0.03007720
v -0.09344570 0.01566620 0.03195180
v -0.09353670 0.01582610 0.03382120
v -0.09437460 0.01470690 0.03944990
v -0.09231640 0.01653490 0.03944990
v -0.09209780 0.01624710 0.04090450
v -0.09532170 0.01388610 0.03569570
v -0.09608670 0.01304410 0.03757540
v -0.09594100 0.01291080 0.03944990
v -0.09568600 0.01256440 0.04061770
v -0.09404670 0.01448300 0.04089940
v -0.08262650 0.01806980 0.04805960
v -0.09167890 0.01593800 0.04215420
v -0.09096860 0.01561820 0.04333220
v -0.09187930 0.01424320 0.04427460
v -0.08790860 0.01591670 0.04591870
v -0.08144260 0.01836830 0.04833100
v -0.03831160 0.01546370 0.05504560
v -0.03831160 0.01452570 0.05562950
v -0.03831160 0.01318260 0.05631580
v -0.02246540 0.01227130 0.05727870
v -0.02182790 0.01227130 0.05727870
v -0.01769330 0.01222860 0.05725820
v -0.01581720 0.01219130 0.05724280
v 0.02168560 0.02194440 0.05174720
v 0.02168560 0.02288240 0.05138360
v -0.01581720 0.01125330 0.05760640
v -0.01581720 0.00943064 0.05826200
v -0.01206510 0.00943064 0.05806230
v -0.01206510 0.00755465 0.05866660
v -0.08100540 0.01428580 0.05182400
v -0.07958480 0.01318260 0.05279200
v 0.07343180 0.01230860 0.04793150
v 0.07419680 0.01432850 0.04619530
v 0.07419680 0.01526650 0.04529900
v 0.07419680 0.01620450 0.04436170
v 0.07417860 0.01724370 0.04306590
v 0.07479790 0.01779800 0.04214910
v 0.07150110 0.01978060 0.04043330
v 0.07381430 0.02000440 0.03890700
v 0.07434250 0.02037220 0.03773420
v 0.07607280 0.02054270 0.03569570
v 0.07450640 0.02152330 0.03433850
v 0.07889600 0.01975390 0.03478410
v 0.07906000 0.01984990 0.03382120
v 0.07947890 0.02006310 0.03007720
v 0.08028030 0.01943950 0.03195180
v 0.08042600 0.01953540 0.03007720
v 0.08160990 0.01859740 0.02820270
v 0.08153710 0.01850680 0.02632810
v 0.08130030 0.01832560 0.02444840
v 0.08097240 0.01804850 0.02257390
v 0.08077210 0.01787790 0.02161100
v 0.08042600 0.01759020 0.02036130
v 0.07856820 0.01762210 0.01816410
v 0.08108170 0.01634300 0.01922430
v 0.08066280 0.01591140 0.01797460
v 0.01980950 0.02068130 0.00914986
v 0.06290410 0.01298540 0.00761334
v 0.07530780 0.01612450 0.01398990
v 0.07419680 0.01539970 0.01285290
v 0.06660150 0.01239920 0.00761334
v 0.07607280 0.01821370 0.01727800
v -0.01758400 0.01310800 0.00761334
v -0.02058930 0.01242580 0.00761334
v -0.02208290 0.01198350 0.00761334
v -0.04018770 0.01130660 0.00977983
v -0.08144260 0.01074700 0.01586440
v -0.08459360 0.01130660 0.01767240
v -0.08319110 0.01118410 0.01672490
v -0.04035160 0.00755998 0.00861208
v -0.08144260 0.00380266 0.01446110
v -0.08331860 0.00380266 0.01512690
v -0.08442970 0.00500713 0.01588490
v -0.08878290 0.00755465 0.01926530
v -0.08594150 0.00978239 0.01802070
v -0.08809070 0.01044860 0.01971600
v -0.08932930 0.00943064 0.02016670
v -0.09056780 0.00943064 0.02110390
v -0.09151500 0.00943064 0.02184660
v -0.09275350 0.00932405 0.02289140
v -0.09368250 0.00863121 0.02344460
v -0.09340920 0.00987832 0.02390040
v -0.09390100 0.01273500 0.02674300
v -0.09554030 0.01227130 0.02910920
v -0.09563140 0.01240450 0.03007720
v -0.09599560 0.01294810 0.03569570
v -0.09686990 0.01130660 0.03569570
v -0.09696100 0.01130660 0.03757540
v -0.09665140 0.01130660 0.03944990
v -0.09594100 0.01125330 0.04127840
v -0.09566780 0.01059250 0.04259980
v -0.09195210 0.01243650 0.04617480
v -0.09357320 0.01398210 0.04214910
v -0.09226180 0.01463760 0.04319900
v -0.08226220 0.01403540 0.05157310
v -0.08657900 0.01450440 0.04821320
v -0.07958480 0.01212210 0.05345270
v -0.03831160 0.01159440 0.05701740
v -0.07958480 0.01118410 0.05387270
v -0.03643560 0.01074700 0.05742210
v -0.03455950 0.01082160 0.05745280
v -0.02144540 0.00943064 0.05833890
v -0.02129970 0.01149320 0.05759110
v -0.01769330 0.01129060 0.05764740
v 0.02274200 0.02178450 0.05170110
v 0.07386890 0.00873780 0.04988800
v 0.07437890 0.00939334 0.04944240
v 0.07410570 0.01139720 0.04834640
v -0.01769330 0.00943064 0.05833890
v -0.01769330 0.00755465 0.05888690
v -0.01206510 0.00611034 0.05904560
v -0.08155190 0.01332120 0.05227990
v 0.07468860 0.01207940 0.04777790
v 0.07410570 0.01303340 0.04721450
v 0.07523500 0.01416330 0.04605180
v 0.07525320 0.01603930 0.04418240
v 0.07596360 0.01652420 0.04324510
v 0.07607280 0.01755820 0.04179570
v 0.07607280 0.01813380 0.04085840
v 0.07273970 0.01958870 0.04015670
v 0.07607280 0.01890650 0.03944990
v 0.07607280 0.01957810 0.03806710
v 0.07607280 0.01999910 0.03712980
v 0.07834960 0.01956740 0.03603380
v 0.07964280 0.01907710 0.03552670
v 0.08000710 0.01926900 0.03382120
v 0.08128210 0.01833100 0.03382120
v 0.08148240 0.01850680 0.03195180
v 0.08159170 0.01859740 0.03007720
v 0.08255710 0.01779270 0.02820270
v 0.08246600 0.01770210 0.02632810
v 0.08224740 0.01746220 0.02444840
v 0.08202880 0.01689200 0.02242020
v 0.08261170 0.01597000 0.02168780
v 0.08131850 0.01695060 0.02087350
v 0.08239310 0.01570350 0.02069930
v 0.08281210 0.01437640 0.01938820
v 0.08177390 0.01514390 0.01868140
v 0.08244780 0.01391280 0.01813850
v 0.07911460 0.00881775 0.01019980
v 0.07727500 0.01259640 0.01193100
v 0.01980950 0.01519190 0.00761334
v 0.01973670 0.01519190 0.00761334
v 0.01055680 0.01512260 0.00761334
v 0.06102800 0.01312400 0.00761334
v 0.07536250 0.01425920 0.01213580
v 0.07419680 0.01446170 0.01195140
v 0.06672900 0.01236190 0.00761334
v -0.02348540 0.01141320 0.00761334
v -0.04018770 0.00943064 0.00906279
v -0.03745560 0.00851929 0.00849940
v -0.03080740 0.00755465 0.00761846
v -0.03984160 0.00693642 0.00843794
v -0.08144260 0.00192666 0.01465060
v -0.08331860 0.00192666 0.01521910
v -0.03984160 0.00618496 0.00843794
v -0.03760130 -0.00468196 0.00848915
v -0.08455720 0.00192666 0.01580300
v -0.08453900 0.00380266 0.01581830
v -0.08548610 0.00380266 0.01644830
v -0.09229820 0.00567865 0.02127810
v -0.08763540 0.00567865 0.01813340
v -0.08971180 0.00755465 0.01987470
v -0.09177000 0.00848731 0.02164170
v -0.09207960 0.00723487 0.02144200
v -0.09269890 0.00774118 0.02217950
v -0.09324530 0.00567865 0.02207200
v -0.09379170 0.00755465 0.02325000
v -0.09750740 0.00147898 0.02700930
v -0.09736170 0.00273142 0.02739340
v -0.09708850 0.00753866 0.03013350
v -0.09730710 0.00815688 0.03139350
v -0.09710670 0.00935070 0.03199270
v -0.09639640 0.01130660 0.03195180
v -0.09663310 0.01130660 0.03382120
v -0.09723420 0.00987299 0.03382120
v -0.09732530 0.01015010 0.03569570
v -0.09732530 0.01010750 0.03757540
v -0.09747100 0.00885505 0.03893780
v -0.09717960 0.00946262 0.03951650
v -0.09734350 0.00832210 0.04018750
v -0.09663310 0.00943064 0.04132450
v -0.09590460 0.00943064 0.04297370
v -0.09533990 0.00943064 0.04391100
v -0.09218890 0.01130660 0.04653330
v -0.09164250 0.01018210 0.04779840
v -0.09093210 0.01141320 0.04750130
v -0.08282690 0.01278820 0.05197260
v -0.08162470 0.01141320 0.05328370
v -0.08109650 0.01085360 0.05375490
v -0.03831160 0.01065640 0.05737600
v -0.08058650 0.00481527 0.05541440
v -0.03831160 0.00943064 0.05781640
v -0.03455950 0.00943064 0.05793940
v -0.02144540 0.00755465 0.05882540
v -0.01956930 0.00755465 0.05886640
v 0.06856860 0.00517235 0.05176260
v 0.07419680 0.00567865 0.05101480
v 0.07437890 0.00774118 0.05021580
v 0.07510750 0.00848731 0.04976000
v 0.07607280 0.00943064 0.04897120
v 0.07607280 0.01083230 0.04817740
v -0.01769330 0.00657401 0.05913270
v -0.01206510 0.00380266 0.05956810
v 0.06856860 0.00380266 0.05210060
v 0.07607280 0.01177030 0.04756790
v 0.07594530 0.01323060 0.04653330
v 0.07649180 0.01389150 0.04581620
v 0.07587250 0.01498400 0.04500190
v 0.07651000 0.01581010 0.04389560
v 0.07709280 0.01794190 0.04049990
v 0.07780320 0.01919970 0.03743200
v 0.07709280 0.01977530 0.03671490
v 0.07971570 0.01824040 0.03748320
v 0.08084490 0.01794720 0.03679180
v 0.08102710 0.01810710 0.03569570
v 0.08222920 0.01745690 0.03382120
v 0.08242960 0.01765410 0.03195180
v 0.08253880 0.01777140 0.03007720
v 0.08328560 0.01683340 0.03007720
v 0.08328560 0.01685470 0.02820270
v 0.08321280 0.01676410 0.02632810
v 0.08303060 0.01652420 0.02444840
v 0.08281210 0.01623650 0.02293750
v 0.08334030 0.01522920 0.02242020
v 0.08306700 0.01476550 0.02069930
v 0.08405060 0.01311330 0.02069420
v 0.08321280 0.01324660 0.01878890
v 0.08288490 0.01266570 0.01758530
v 0.07977030 0.00740009 0.00996933
v 0.07856820 0.00612633 0.00865817
v 0.07794890 0.00757596 0.00893475
v 0.07794890 0.00944130 0.00987202
v 0.07731140 0.01062980 0.01022030
v 0.08261170 0.00653671 0.01229460
v 0.08079030 0.00666994 0.01035860
v 0.07601820 0.01320390 0.01162880
v 0.07607280 0.01194620 0.01062490
v 0.07503460 0.01220730 0.01040980
v 0.07039000 0.01085900 0.00761334
v 0.06844110 0.01173830 0.00761334
v 0.06824080 0.01182360 0.00761334
v -0.03075280 0.00755465 0.00761334
v -0.03077100 0.00751734 0.00761334
v -0.03111710 0.00598243 0.00761334
v -0.03115350 0.00567865 0.00761334
v -0.08029510 -0.00444746 0.01603860
v -0.08149720 -0.00377061 0.01613080
v -0.08331860 -0.00369067 0.01663270
v -0.04018770 -0.00556666 0.00909352
v -0.08446610 0.00081279 0.01586960
v -0.03044310 0.00006132 0.00761334
v -0.03035210 -0.00039702 0.00761334
v -0.03002420 -0.00184132 0.00761334
v -0.02944140 -0.00369067 0.00761334
v -0.02834850 -0.00561996 0.00761334
v -0.02629030 -0.00754392 0.00761334
v -0.02527030 -0.00825275 0.00761334
v -0.02401360 -0.00904152 0.00761334
v -0.09242570 0.00192666 0.02120640
v -0.09242570 0.00380266 0.02120130
v -0.09335460 0.00380266 0.02193370
v -0.09750740 0.00040241 0.02700930
v -0.09825420 0.00192666 0.03195180
v -0.09818130 0.00380266 0.03195180
v -0.09794450 0.00567865 0.03195180
v -0.09754380 0.00550278 0.03013350
v -0.09745280 0.00690444 0.03079420
v -0.09335460 0.00192666 0.02189270
v -0.09758030 0.00753866 0.03199270
v -0.09745280 0.00866852 0.03264320
v -0.09752560 0.00893499 0.03382120
v -0.09759850 0.00921213 0.03569570
v -0.09756210 0.00916949 0.03757540
v -0.09792630 0.00755465 0.03757540
v -0.09763490 0.00763992 0.03951650
v -0.09714310 0.00763992 0.04132960
v -0.09748920 0.00706966 0.04070990
v -0.09615960 0.00772519 0.04337830
v -0.09550390 0.00846600 0.04412610
v -0.09728880 0.00614765 0.04195960
v -0.09747100 0.00126047 0.04423880
v -0.09315430 0.00755465 0.04728620
v -0.09195210 0.00892967 0.04804930
v -0.09020360 0.00711229 0.05000580
v -0.08812720 0.01050190 0.04983170
v -0.08339150 0.01132800 0.05231060
v -0.08625110 0.00866319 0.05171650
v -0.08340970 0.00568931 0.05397000
v -0.08167940 0.00380266 0.05516340
v -0.08073220 0.00380266 0.05545020
v -0.07958480 0.00380266 0.05553210
v -0.03831160 0.00755465 0.05809810
v -0.02144540 0.00532690 0.05924540
v -0.01956930 0.00556673 0.05929150
v -0.01956930 0.00650473 0.05911740
v 0.07377790 0.00326437 0.05173180
v 0.07432430 0.00385595 0.05149620
v 0.07607280 0.00567865 0.05059480
v 0.07607280 0.00724020 0.05002630
v 0.07607280 0.00817820 0.04961660
v 0.07723850 0.01052320 0.04798790
v -0.01769330 0.00563601 0.05930690
v -0.01206510 0.00192666 0.05993170
v 0.07794890 0.01254310 0.04624650
v 0.07749350 0.01455770 0.04456650
v 0.07887780 0.01224460 0.04601600
v 0.07725680 0.01627910 0.04264590
v 0.07904170 0.01795790 0.03861000
v 0.07780320 0.01822440 0.03932190
v 0.08028030 0.01745690 0.03804660
v 0.08222920 0.01567150 0.03802100
v 0.08268460 0.01606590 0.03677130
v 0.08197420 0.01718510 0.03569570
v 0.08284850 0.01624710 0.03569570
v 0.08304880 0.01651890 0.03382120
v 0.08321280 0.01671610 0.03195180
v 0.08414170 0.01541040 0.03195180
v 0.08421450 0.01550100 0.03007720
v 0.08421450 0.01549030 0.02820270
v 0.08414170 0.01535710 0.02632810
v 0.08405060 0.01494670 0.02441770
v 0.08445130 0.01401400 0.02377240
v 0.08430560 0.01372090 0.02257390
v 0.08459700 0.01244720 0.02131910
v 0.08441490 0.01201550 0.02006940
v 0.08419630 0.01135460 0.01873260
v 0.08445130 0.01020340 0.01804120
v 0.07794890 0.00557206 0.00819722
v 0.07732960 0.00696840 0.00836623
v 0.07966100 0.00557206 0.00919595
v 0.07893250 0.00487389 0.00846867
v 0.07667390 0.00821551 0.00862744
v 0.07235720 0.00949992 0.00761334
v 0.08432380 0.00806095 0.01632030
v 0.08456060 0.00681384 0.01586960
v 0.08328560 0.00581722 0.01303210
v 0.08279380 0.00528959 0.01204360
v 0.08202880 0.00581722 0.01138290
v 0.08097240 0.00567865 0.01019470
v 0.08009820 0.00380266 0.00897572
v -0.08144260 -0.00556666 0.01661730
v -0.08351900 -0.00575320 0.01727290
v -0.02344890 -0.00931332 0.00761334
v -0.04197270 -0.00751727 0.01010760
v -0.08457540 -0.00525222 0.01765190
v -0.08493970 -0.00369067 0.01744190
v -0.08610540 -0.00264608 0.01791310
v -0.08756250 0.00006132 0.01816410
v -0.08907430 0.00006665 0.01919350
v -0.09000320 0.00069554 0.01969040
v -0.09217070 0.00006132 0.02135490
v -0.09311780 0.00006132 0.02204120
v -0.09592280 0.00006132 0.02506300
v -0.09696100 -0.00010922 0.02636400
v -0.09737990 -0.00085003 0.02729610
v -0.09761670 -0.00010922 0.02803360
v -0.09790810 0.00006132 0.03007720
v -0.09814490 0.00006132 0.03195180
v -0.09845450 0.00192666 0.03382120
v -0.09839990 0.00380266 0.03382120
v -0.09819960 0.00567865 0.03382120
v -0.09787170 0.00755465 0.03382120
v -0.09404670 0.00006132 0.02297850
v -0.09799920 0.00755465 0.03569570
v -0.09827240 0.00567865 0.03757540
v -0.09803560 0.00567865 0.03944990
v -0.09759850 0.00558272 0.04132960
v -0.09792630 0.00380266 0.04132450
v -0.09570420 0.00721356 0.04438730
v -0.09499390 0.00772519 0.04503770
v -0.09754380 0.00380266 0.04262030
v -0.09255320 0.00380266 0.04866900
v -0.09244390 0.00567865 0.04854610
v -0.09337280 0.00567865 0.04758320
v -0.09422890 0.00567865 0.04664600
v -0.09517600 0.00567865 0.04559090
v -0.09767130 0.00190534 0.04325540
v -0.09814490 0.00192666 0.04132450
v -0.09776240 0.00006132 0.04319900
v -0.09747100 0.00006132 0.04424390
v -0.09162430 0.00192666 0.04967800
v -0.09220710 0.00755465 0.04829000
v -0.09047680 0.00567865 0.05023120
v -0.08880110 0.00554541 0.05118380
v -0.08441150 0.00507108 0.05360640
v -0.08331860 0.00380266 0.05441560
v -0.08171580 0.00192666 0.05519410
v -0.08331860 0.00192666 0.05447200
v -0.08078690 0.00192666 0.05545530
v -0.07958480 0.00192666 0.05555260
v -0.03831160 -0.00369067 0.05851810
v -0.02144540 0.00192666 0.05949640
v -0.02144540 0.00380266 0.05939390
v -0.01956930 0.00380266 0.05948610
v 0.07432430 0.00206523 0.05187010
v 0.07503460 0.00277939 0.05162430
v 0.06856860 0.00192666 0.05246420
v 0.07607280 0.00380266 0.05111720
v 0.07794890 0.00380266 0.05047700
v 0.07787600 0.00554008 0.05001090
v 0.07722030 0.00682450 0.04985730
v 0.07789420 0.00943064 0.04830030
v 0.07849530 0.01005420 0.04771130
v 0.07789420 0.01121070 0.04721960
v -0.01956930 0.00006132 0.05966030
v -0.01394120 0.00006132 0.05987540
v -0.01206510 0.00006132 0.05981900
v 0.06856860 -0.00369067 0.05267420
v 0.07232070 -0.00369067 0.05234640
v 0.07232070 -0.00181467 0.05239770
v 0.07232070 0.00006132 0.05230550
v 0.07927850 0.01130660 0.04635400
v 0.08115460 0.00901494 0.04637960
v 0.08066280 0.01026740 0.04584190
v 0.08284850 0.01441910 0.03869710
v 0.08308530 0.01505330 0.03746780
v 0.08452420 0.01227130 0.03853320
v 0.08408700 0.01347580 0.03757540
v 0.08436030 0.01385950 0.03606960
v 0.08383200 0.01488280 0.03554720
v 0.08452420 0.01414190 0.03481990
v 0.08399600 0.01521320 0.03382120
v 0.08459700 0.01427520 0.03382120
v 0.08470630 0.01447240 0.03195180
v 0.08474270 0.01456830 0.03007720
v 0.08472450 0.01455230 0.02820270
v 0.08465170 0.01441910 0.02632810
v 0.08457880 0.01424850 0.02502210
v 0.08488850 0.01330520 0.02441770
v 0.08476100 0.01278820 0.02257390
v 0.08532560 0.01130660 0.02257390
v 0.08485200 0.01135460 0.02069420
v 0.08466990 0.01076300 0.01929090
v 0.08488850 0.00951591 0.01873260
v 0.08465170 0.00895098 0.01757000
v 0.07794890 0.00380266 0.00770041
v 0.07774850 0.00382397 0.00761334
v 0.07652820 0.00565200 0.00761334
v 0.07605460 0.00617963 0.00761334
v 0.07481610 0.00749069 0.00761334
v 0.07915100 0.00380266 0.00833038
v 0.08481560 0.00748536 0.01694510
v 0.08521630 0.00567865 0.01695020
v 0.08468810 0.00567865 0.01560320
v 0.08425100 0.00567865 0.01466590
v 0.08395950 0.00365343 0.01337530
v 0.08295780 0.00380266 0.01181320
v 0.08221100 0.00380266 0.01087080
v 0.08126390 0.00380266 0.00991299
v 0.08042600 0.00192666 0.00874524
v -0.08300900 -0.00689904 0.01760070
v -0.04253730 -0.00818879 0.01047640
v -0.08426580 -0.00649933 0.01788750
v -0.02177320 -0.01002220 0.00761334
v -0.09189750 -0.00109518 0.02153930
v -0.08949320 -0.00181467 0.02003350
v -0.08978460 -0.00055690 0.01984400
v -0.09071360 0.00006665 0.02033570
v -0.09260780 -0.00176138 0.02233320
v -0.09364600 -0.00275800 0.02351120
v -0.09382820 -0.00181467 0.02330630
v -0.09568600 -0.00110051 0.02523720
v -0.09543100 -0.00446878 0.02750100
v -0.09610490 -0.00378127 0.02815660
v -0.09712490 -0.00182533 0.02803360
v -0.09732530 -0.00252350 0.03007720
v -0.09748920 -0.00120178 0.02855090
v -0.09377350 -0.00486849 0.02521670
v -0.09415600 -0.00552403 0.02634350
v -0.09832700 0.00006132 0.03382120
v -0.09759850 -0.00158550 0.03007720
v -0.09792630 -0.00181467 0.03382120
v -0.09856380 0.00192666 0.03569570
v -0.09850920 0.00380266 0.03569570
v -0.09832700 0.00567865 0.03569570
v -0.09849100 0.00380266 0.03757540
v -0.09829060 0.00380266 0.03944990
v -0.09155140 0.00380266 0.04960630
v -0.09140570 0.00567865 0.04948340
v -0.09839990 0.00192666 0.03944990
v -0.09809030 0.00006132 0.04132450
v -0.09741630 -0.00092997 0.04417730
v -0.09253500 0.00006132 0.04865370
v -0.08907430 0.00380266 0.05123500
v -0.09060430 0.00380266 0.05029780
v -0.09146030 0.00006132 0.04959100
v -0.08805430 0.00088740 0.05166010
v -0.08273580 -0.00369067 0.05368830
v -0.08249900 -0.00477789 0.05357050
v -0.08064120 0.00094603 0.05541950
v -0.08448430 0.00067422 0.05364740
v -0.08718000 0.00018390 0.05206470
v -0.04018770 -0.00556666 0.05798540
v -0.03831160 -0.00556666 0.05809300
v -0.01956930 -0.00439949 0.05909170
v -0.01956930 -0.00346150 0.05928640
v -0.01956930 -0.00181467 0.05956290
v 0.07419680 0.00006132 0.05213130
v 0.07552640 0.00152695 0.05173700
v 0.07610930 0.00206523 0.05148090
v 0.07794890 0.00192666 0.05090720
v 0.07918750 0.00380266 0.04992900
v 0.07893250 0.00482060 0.04979070
v 0.07845890 0.00607304 0.04957050
v 0.07787600 0.00749069 0.04925290
v 0.07913280 0.00880176 0.04804930
v 0.07989780 0.00953190 0.04704550
v -0.01394120 -0.00181467 0.05963460
v -0.01581720 -0.00181467 0.05968590
v -0.01130010 -0.00456471 0.05913270
v 0.06856860 -0.00556666 0.05244370
v 0.07232070 -0.00556666 0.05210060
v 0.07419680 -0.00369067 0.05214670
v 0.07419680 -0.00181467 0.05220820
v 0.08038960 0.00798101 0.04762930
v 0.08082670 0.00672857 0.04793660
v 0.08160990 0.00739476 0.04687130
v 0.08241130 0.00806628 0.04573430
v 0.08288490 0.00873247 0.04448460
v 0.08448780 0.00847133 0.04224130
v 0.08503420 0.00773052 0.04149860
v 0.08581740 0.00755465 0.03944990
v 0.08581740 0.00943064 0.03757540
v 0.08516170 0.01130660 0.03757540
v 0.08465170 0.01253780 0.03757540
v 0.08479740 0.01321460 0.03554720
v 0.08510700 0.01318260 0.03382120
v 0.08532560 0.01318260 0.03195180
v 0.08539850 0.01318260 0.03007720
v 0.08536200 0.01318260 0.02820270
v 0.08521630 0.01318260 0.02632810
v 0.08563520 0.01130660 0.02444840
v 0.08579920 0.00943064 0.02257390
v 0.08547130 0.00943064 0.02069930
v 0.08547130 0.00755465 0.01882480
v 0.07794890 0.00339761 0.00761334
v 0.07947890 0.00192666 0.00812551
v 0.07853170 0.00192666 0.00761334
v 0.08585380 0.00567865 0.01882480
v 0.08552590 0.00380266 0.01695020
v 0.08477920 0.00365343 0.01501930
v 0.08452420 0.00292861 0.01411790
v 0.08439670 0.00417572 0.01435860
v 0.08406880 0.00192666 0.01303210
v 0.08312170 0.00192666 0.01156730
v 0.08242960 0.00192666 0.01063000
v 0.08148240 0.00192666 0.00968252
v 0.08062640 0.00038643 0.00860183
v -0.08235330 -0.01212200 0.02164170
v -0.04197270 -0.00915344 0.01088100
v -0.04206370 -0.01094420 0.01187460
v -0.04087980 -0.01206340 0.01231510
v -0.00457914 -0.02314880 0.01246870
v -0.02084430 -0.01038990 0.00761334
v -0.04129870 -0.00841796 0.01036370
v -0.08331860 -0.01180750 0.02194390
v -0.08444790 -0.01045380 0.02152390
v -0.09009430 -0.00670185 0.02333700
v -0.09135110 -0.00604632 0.02391580
v -0.09189750 -0.00479388 0.02339850
v -0.09315430 -0.00400511 0.02396700
v -0.09568600 -0.00481520 0.02875070
v -0.09382820 -0.00672317 0.02697860
v -0.09672420 -0.00369067 0.03007720
v -0.09586810 -0.00518294 0.03007720
v -0.09739810 -0.00274734 0.03104010
v -0.09328170 -0.00611560 0.02572890
v -0.09841810 0.00006132 0.03569570
v -0.09807210 -0.00181467 0.03569570
v -0.09767130 -0.00200120 0.03177760
v -0.09761670 -0.00328562 0.03569570
v -0.09854560 0.00192666 0.03757540
v -0.09841810 0.00006132 0.03757540
v -0.09829060 0.00006132 0.03944990
v -0.09790810 -0.00181467 0.03944990
v -0.09752560 -0.00121776 0.04319900
v -0.09728880 -0.00252883 0.04169840
v -0.09697920 -0.00215576 0.04319900
v -0.09559490 -0.00471927 0.04240010
v -0.09344570 -0.00813017 0.04189810
v -0.09360960 -0.00645136 0.04405950
v -0.09353670 -0.00435153 0.04589310
v -0.09198850 -0.00307777 0.04804420
v -0.09228000 -0.00181467 0.04832590
v -0.08663360 -0.00181467 0.05193670
v -0.09080460 -0.00191593 0.04933490
v -0.08337330 -0.00564128 0.05262300
v -0.08144260 -0.00606231 0.05331960
v -0.08144260 -0.00512431 0.05372420
v -0.08144260 -0.00369067 0.05408780
v -0.08982110 -0.00260877 0.04971390
v -0.08947500 -0.00369067 0.04949880
v -0.07958480 -0.00369067 0.05431320
v -0.04018770 -0.00711756 0.05749380
v -0.02144540 -0.00744266 0.05820570
v -0.02144540 -0.00556666 0.05875370
v -0.01956930 -0.00556666 0.05881000
v -0.01324900 -0.00469262 0.05915830
v 0.07579960 0.00006132 0.05180870
v 0.07674680 0.00006132 0.05157310
v 0.07794890 0.00006132 0.05115310
v 0.07958820 0.00192666 0.05014920
v 0.08051710 0.00192666 0.04961660
v 0.08011640 0.00380266 0.04937580
v 0.07966100 0.00554008 0.04909410
v 0.07978850 0.00743207 0.04827470
v -0.01255690 -0.00469262 0.05915830
v 0.01980950 -0.02056930 0.05316080
v 0.06856860 -0.00744266 0.05203910
v 0.07377790 -0.00683509 0.05172160
v 0.07432430 -0.00569457 0.05185480
v 0.07541710 -0.00515629 0.05172160
v 0.07578140 -0.00369067 0.05180870
v 0.07594530 -0.00181467 0.05184450
v 0.08106350 0.00567865 0.04813130
v 0.08199240 0.00567865 0.04728620
v 0.08272100 0.00681384 0.04611330
v 0.08315810 0.00748536 0.04509410
v 0.08423280 0.00773052 0.04329640
v 0.08443310 0.00632352 0.04398270
v 0.08472450 0.00721889 0.04273300
v 0.08567170 0.00567865 0.04132450
v 0.08621810 0.00583321 0.03948070
v 0.08636380 0.00656335 0.03846660
v 0.08627270 0.00769321 0.03773420
v 0.08558060 0.01130660 0.03569570
v 0.08636380 0.00840737 0.03634110
v 0.08583560 0.01130660 0.03382120
v 0.08594490 0.01130660 0.03195180
v 0.08596310 0.01130660 0.03007720
v 0.08594490 0.01130660 0.02820270
v 0.08583560 0.01130660 0.02632810
v 0.08605420 0.00943064 0.02444840
v 0.08640020 0.00668060 0.02344460
v 0.08587200 0.00755465 0.02069930
v 0.07875030 0.00110058 0.00761334
v 0.07993420 -0.00011988 0.00808454
v 0.08634560 0.00451148 0.02029980
v 0.08641840 0.00326437 0.01958790
v 0.08616350 0.00385595 0.01890670
v 0.08625450 0.00192666 0.01837410
v 0.08578100 0.00192666 0.01695020
v 0.08505240 0.00192666 0.01507570
v 0.08459700 0.00192666 0.01396940
v 0.08417810 0.00006132 0.01282730
v 0.08313990 -0.00005593 0.01118830
v 0.08255710 0.00049302 0.01047130
v 0.08166460 -0.00018383 0.00948277
v 0.08075390 -0.00086069 0.00850964
v -0.08162470 -0.01279880 0.02238950
v -0.08331860 -0.01263900 0.02288120
v -0.00457914 -0.02386830 0.01340600
v -0.01956930 -0.01077360 0.00761334
v -0.00457914 -0.02221080 0.01191050
v 0.00713252 -0.01635360 0.00761334
v 0.01230530 -0.02385230 0.01185410
v 0.01230530 -0.02479030 0.01302700
v -0.08444790 -0.01230850 0.02328580
v -0.08508540 -0.01107210 0.02267120
v -0.09360960 -0.00834335 0.02920140
v -0.09384640 -0.00860982 0.03045110
v -0.09546740 -0.00643005 0.03156250
v -0.09708850 -0.00399978 0.03382120
v -0.09719780 -0.00422362 0.03569570
v -0.09810850 -0.00181467 0.03757540
v -0.09763490 -0.00342419 0.03757540
v -0.09727060 -0.00436219 0.03757540
v -0.09752560 -0.00313107 0.03944990
v -0.09710670 -0.00406906 0.03944990
v -0.09610490 -0.00561463 0.03940900
v -0.09373710 -0.00848724 0.04064840
v -0.09277170 -0.00902020 0.04129380
v -0.09218890 -0.00873240 0.04274830
v -0.09295390 -0.00581715 0.04529380
v -0.09164250 -0.00827406 0.04399800
v -0.08985750 -0.00835934 0.04599040
v -0.09045860 -0.00711223 0.04657940
v -0.09229820 -0.00518826 0.04646670
v -0.09155140 -0.00433021 0.04771640
v -0.09031280 -0.00517228 0.04820810
v -0.09089570 -0.00369600 0.04852050
v -0.08426580 -0.00649933 0.05163450
v -0.08300900 -0.00687240 0.05205960
v -0.07958480 -0.00629681 0.05341690
v -0.04018770 -0.00931865 0.05653090
v -0.04018770 -0.00805555 0.05713010
v -0.07958480 -0.00535881 0.05384200
v -0.08237150 -0.01024600 0.04976000
v -0.08162470 -0.01114140 0.04929390
v -0.00375950 -0.02160320 0.05358080
v -0.02144540 -0.00910014 0.05758080
v -0.01956930 -0.00744266 0.05825690
v -0.01769330 -0.00744266 0.05827230
v -0.01581720 -0.00744266 0.05827740
v 0.07689250 -0.00181467 0.05160890
v 0.07794890 -0.00181467 0.05120430
v 0.07997070 0.00006132 0.05019530
v 0.08071740 0.00068488 0.04973440
v 0.08184670 0.00199594 0.04858710
v 0.08142780 0.00380266 0.04843860
v -0.01394120 -0.00744266 0.05827740
v -0.01197410 -0.00541744 0.05892270
v 0.01793350 -0.02056930 0.05324270
v 0.01605740 -0.02244530 0.05264350
v 0.01980950 -0.02244530 0.05245910
v 0.07419680 -0.00931865 0.05092260
v 0.07232070 -0.00931865 0.05113770
v 0.07232070 -0.00801292 0.05154230
v 0.07432430 -0.00745332 0.05147570
v 0.07503460 -0.00640340 0.05162430
v 0.07605460 -0.00569457 0.05144500
v 0.07672860 -0.00369067 0.05156280
v 0.08237490 0.00380266 0.04763450
v 0.08292130 0.00567865 0.04634890
v 0.08394130 0.00568931 0.04497120
v 0.08457880 0.00507108 0.04427460
v 0.08488850 0.00568931 0.04329640
v 0.08414170 0.00380266 0.04546800
v 0.08532560 0.00380266 0.04319900
v 0.08607240 0.00374403 0.04120670
v 0.08630920 0.00433028 0.04013110
v 0.08647310 0.00531091 0.03887630
v 0.08700130 0.00380266 0.03757540
v 0.08663700 0.00583321 0.03773420
v 0.08649130 0.00716026 0.03721690
v 0.08618170 0.00930806 0.03571110
v 0.08640020 0.00860456 0.03509140
v 0.08625450 0.00963316 0.03382120
v 0.08687380 0.00567865 0.03569570
v 0.08652770 0.00769321 0.03571110
v 0.08627270 0.00973442 0.03195180
v 0.08647310 0.00887637 0.03007720
v 0.08645490 0.00883906 0.02820270
v 0.08641840 0.00868984 0.02675830
v 0.08623630 0.00936136 0.02621030
v 0.08683740 0.00192666 0.02257390
v 0.08667340 0.00192666 0.02069930
v 0.07902350 -0.00000263 0.00761334
v 0.07995240 -0.00164413 0.00808454
v 0.07904170 -0.00088200 0.00761334
v 0.08685560 0.00006132 0.02069930
v 0.08649130 0.00192666 0.01931130
v 0.08658240 0.00006132 0.01899890
v 0.08632740 0.00006132 0.01806160
v 0.08596310 0.00006132 0.01695020
v 0.08525270 0.00006132 0.01507570
v 0.08468810 0.00006132 0.01376450
v 0.08417810 -0.00181467 0.01286310
v 0.08264810 -0.00097260 0.01036880
v 0.08264810 -0.00075942 0.01036880
v 0.08075390 -0.00090332 0.00850964
v -0.08144260 -0.01384880 0.02416160
v -0.08320940 -0.01355030 0.02455090
v 0.01095750 -0.02529660 0.01405130
v -0.00457914 -0.02456640 0.01507570
v -0.04093450 -0.02148060 0.02357770
v -0.08259010 -0.01595390 0.02902720
v -0.01769330 -0.01118930 0.00761334
v 0.05918840 -0.01651350 0.00761334
v 0.01793350 -0.02244530 0.01085540
v 0.01793350 -0.02394290 0.01172610
v 0.01230530 -0.02533390 0.01396430
v 0.01793350 -0.02488090 0.01310380
v -0.08486680 -0.01259100 0.02444840
v -0.08781750 -0.01199410 0.02756760
v -0.08391970 -0.01570880 0.03007720
v -0.08818180 -0.01226590 0.02881730
v -0.09186100 -0.01033130 0.03085060
v -0.09302670 -0.00976633 0.03195180
v -0.09401030 -0.00882834 0.03195180
v -0.09621420 -0.00556666 0.03382120
v -0.09503030 -0.00726145 0.03209520
v -0.09637810 -0.00556666 0.03569570
v -0.09648740 -0.00556666 0.03757540
v -0.09563140 -0.00663257 0.03875850
v -0.09501210 -0.00753326 0.03382120
v -0.09388280 -0.00868444 0.03944990
v -0.09319070 -0.00985693 0.03757540
v -0.09268070 -0.00973969 0.03959850
v -0.09173350 -0.01023530 0.04032580
v -0.09147860 -0.01003810 0.04132450
v -0.09014890 -0.01042190 0.04252810
v -0.08452080 -0.01232450 0.04628740
v -0.08980290 -0.00642472 0.04782910
v -0.08386510 -0.01179160 0.04753710
v -0.08328220 -0.01117870 0.04850510
v -0.08260830 -0.01228190 0.04804930
v -0.08639680 -0.00678180 0.04995460
v -0.04018770 -0.01067770 0.05573190
v -0.08144260 -0.01244180 0.04824390
v -0.00368665 -0.02340990 0.05168060
v -0.00270309 -0.02256250 0.05264860
v -0.00270309 -0.02162450 0.05359610
v 0.07794890 -0.00369067 0.05109160
v 0.07998890 -0.00191593 0.05020560
v 0.08079030 -0.00056223 0.04979070
v 0.08153710 0.00006132 0.04917610
v 0.08286670 0.00006132 0.04811590
v 0.08273920 0.00141503 0.04799810
v 0.08257530 0.00266747 0.04782910
v -0.01206510 -0.00744266 0.05826710
v -0.00270309 -0.02056930 0.05394440
v 0.00667717 -0.02118750 0.05345790
v 0.00175937 -0.02148600 0.05350910
v 0.01418140 -0.02244530 0.05270500
v 0.01605740 -0.02358580 0.05186500
v 0.01980950 -0.02348990 0.05175230
v 0.02097520 -0.02345790 0.05171650
v 0.07355930 -0.01224990 0.04982660
v 0.07232070 -0.01119460 0.05043600
v 0.07417860 -0.01129590 0.05012870
v 0.07481610 -0.01198870 0.04969850
v 0.07607280 -0.01065100 0.04993920
v 0.07607280 -0.00931865 0.05046160
v 0.07607280 -0.00744266 0.05105060
v 0.07794890 -0.00556666 0.05078940
v 0.08321280 0.00380266 0.04669720
v 0.08472450 0.00380266 0.04453070
v 0.08437850 0.00192666 0.04582140
v 0.08567170 0.00192666 0.04319900
v 0.08621810 0.00192666 0.04171890
v 0.08641840 0.00307784 0.04050500
v 0.08658240 0.00374403 0.03948070
v 0.08723810 0.00192666 0.03757540
v 0.08714700 0.00380266 0.03569570
v 0.08685560 0.00192666 0.03944990
v 0.08641840 0.00869517 0.03382120
v 0.08736560 0.00192666 0.03569570
v 0.08729270 0.00192666 0.03382120
v 0.08701950 0.00006132 0.02257390
v 0.07960640 -0.00369067 0.00806405
v 0.07904170 -0.00175605 0.00761334
v 0.08685560 -0.00181467 0.02069930
v 0.08703770 -0.00181467 0.02257390
v 0.08656420 -0.00181467 0.01906040
v 0.08630920 -0.00181467 0.01812310
v 0.08594490 -0.00181467 0.01695020
v 0.08523450 -0.00181467 0.01507570
v 0.08466990 -0.00181467 0.01380040
v 0.08410530 -0.00369067 0.01300650
v 0.08315810 -0.00369067 0.01152120
v 0.08456060 -0.00488981 0.01403600
v 0.08246600 -0.00369067 0.01058390
v 0.08151890 -0.00369067 0.00960569
v 0.08066280 -0.00215043 0.00857622
v -0.00270309 -0.02467840 0.01507570
v -0.01394120 -0.02603740 0.03007720
v -0.01394120 -0.02579220 0.02820270
v -0.03792910 -0.02344190 0.02889410
v -0.04018770 -0.02304220 0.02820270
v -0.04018770 -0.02255720 0.02632810
v -0.04026050 -0.02184840 0.02429990
v -0.08144260 -0.01652950 0.03007720
v -0.08299080 -0.01615110 0.03007720
v 0.05922480 -0.01651350 0.00761334
v 0.06110090 -0.01650820 0.00761334
v 0.01980950 -0.02387890 0.01179780
v 0.06297690 -0.01642820 0.00761334
v 0.01230530 -0.02540850 0.01507570
v 0.01924490 -0.02529660 0.01403600
v 0.01984600 -0.02488620 0.01332920
v -0.08608720 -0.01397670 0.02924240
v -0.08424760 -0.01586860 0.03110150
v -0.09209780 -0.01049650 0.03195180
v -0.09231640 -0.01066700 0.03382120
v -0.09326350 -0.00991023 0.03382120
v -0.09406500 -0.00897223 0.03382120
v -0.09408320 -0.00900954 0.03569570
v -0.09404670 -0.00891894 0.03757540
v -0.09330000 -0.00994754 0.03569570
v -0.09226180 -0.01061370 0.03757540
v -0.09202500 -0.01045380 0.03907610
v -0.08399260 -0.01571940 0.03984430
v -0.09053140 -0.01068300 0.04132450
v -0.08659720 -0.01245770 0.04319900
v -0.08623290 -0.01219660 0.04425410
v -0.08335510 -0.01538900 0.04137570
v -0.08273580 -0.01604990 0.04078160
v -0.08328220 -0.01267630 0.04692770
v -0.08457540 -0.01053910 0.04813130
v -0.08138790 -0.01347040 0.04679450
v -0.00270309 -0.02374040 0.05070240
v -0.00270309 -0.02343130 0.05171130
v -0.08071400 -0.01403530 0.04606720
v -0.04018770 -0.02143800 0.04397240
v -0.04018770 -0.02182710 0.04303520
v -0.04018770 -0.02246130 0.04132450
v -0.03228280 -0.02344720 0.04055620
v -0.00082704 -0.02345260 0.05174210
v 0.01418140 -0.02361250 0.05189570
v 0.07944240 -0.00556666 0.05008260
v 0.07969740 -0.00369067 0.05023120
v 0.08073570 -0.00260877 0.04975480
v 0.08079030 -0.00135633 0.04979070
v 0.08153710 -0.00191593 0.04919150
v 0.08286670 -0.00181467 0.04811590
v 0.08456060 -0.00035438 0.04609280
v 0.08394130 0.00018390 0.04680990
v 0.08448780 0.00089273 0.04599550
v 0.08334030 0.00199594 0.04710180
v 0.01418140 -0.02420940 0.05070240
v 0.01980950 -0.02404410 0.05070240
v 0.07284890 -0.02335130 0.03844100
v 0.07226610 -0.02298890 0.03929120
v 0.07042650 -0.02201360 0.04145770
v 0.06980720 -0.02157120 0.04232840
v 0.07321320 -0.01963130 0.04413630
v 0.07337720 -0.01779260 0.04604670
v 0.07273970 -0.01578870 0.04782400
v 0.07419680 -0.01463750 0.04830030
v 0.07232070 -0.01333710 0.04939120
v 0.07417860 -0.01295340 0.04930410
v 0.07574500 -0.01431780 0.04809030
v 0.07625500 -0.01325180 0.04855640
v 0.07607280 -0.01158900 0.04951410
v 0.07703820 -0.01029930 0.04978050
v 0.07745710 -0.00931865 0.04996480
v 0.07809460 -0.00757589 0.05025170
v 0.07915100 -0.00703761 0.04991360
v 0.08490670 0.00192666 0.04488410
v 0.08589020 0.00006132 0.04319900
v 0.08630920 0.00006132 0.04205690
v 0.08660060 0.00006132 0.04111960
v 0.08649130 0.00192666 0.04078160
v 0.08736560 0.00006132 0.03757540
v 0.08751130 0.00006132 0.03569570
v 0.08701950 0.00006132 0.03944990
v 0.07935140 -0.00556666 0.00821258
v 0.07824030 -0.00556666 0.00761334
v 0.07875030 -0.00369067 0.00761334
v 0.08055350 -0.00369067 0.00866841
v 0.08667340 -0.00369067 0.02069930
v 0.08643670 -0.00492179 0.01956740
v 0.08649130 -0.00369067 0.01935740
v 0.08749310 -0.00181467 0.03569570
v 0.08732910 -0.00369067 0.03569570
v 0.08685560 -0.00369067 0.02257390
v 0.08623630 -0.00369067 0.01842020
v 0.08579920 -0.00369067 0.01695020
v 0.08508880 -0.00369067 0.01507570
v 0.08301240 -0.00556666 0.01171580
v 0.08558060 -0.00556666 0.01695020
v 0.08483380 -0.00553468 0.01498860
v 0.08443310 -0.00614225 0.01430230
v 0.08401420 -0.00553468 0.01332410
v 0.08230210 -0.00556666 0.01077860
v 0.08135490 -0.00556666 0.00979519
v -0.01394120 -0.02614930 0.03195180
v -0.01581720 -0.02598410 0.03195180
v -0.01581720 -0.02586150 0.03007720
v -0.02337610 -0.02520600 0.03180830
v -0.02277500 -0.02529660 0.03233590
v -0.02364930 -0.02521130 0.03382120
v -0.03792910 -0.02344190 0.02934990
v -0.06229960 -0.01981780 0.03382120
v -0.08144260 -0.01695050 0.03195180
v -0.08350080 -0.01632170 0.03181860
v 0.06481650 -0.01617780 0.00761334
v 0.07419680 -0.02012690 0.01535740
v 0.07419680 -0.02106490 0.01676590
v 0.07232070 -0.02118220 0.01657640
v 0.07139180 -0.02338860 0.01975690
v 0.03855180 -0.02582420 0.03007720
v 0.03855180 -0.02572300 0.02820270
v 0.07232070 -0.02413480 0.02257390
v 0.07232070 -0.02447580 0.02444840
v 0.07419680 -0.02462510 0.02632810
v 0.07419680 -0.02480090 0.02820270
v -0.08437510 -0.01595920 0.03235120
v -0.08998500 -0.01219130 0.03267900
v -0.09235280 -0.01069370 0.03569570
v -0.09102320 -0.01160500 0.03382120
v -0.09102320 -0.01163170 0.03569570
v -0.08430220 -0.01590060 0.03859460
v -0.08335510 -0.01619910 0.03931170
v -0.08144260 -0.01673200 0.03944990
v -0.08144260 -0.01618310 0.04108890
v -0.01581720 -0.02532860 0.03875850
v -0.01394120 -0.02571230 0.03757540
v -0.06184420 -0.01966330 0.03863560
v -0.04018770 -0.02268510 0.03944990
v -0.02315750 -0.02513670 0.03554210
v -0.02332140 -0.02486490 0.03757540
v -0.01581720 -0.02556840 0.03757540
v 0.08038960 -0.00556666 0.04953460
v 0.08064460 -0.00369067 0.04969340
v 0.08170100 -0.00369067 0.04884320
v 0.08272100 -0.00369067 0.04797760
v 0.08394130 -0.00192659 0.04680990
v 0.08456060 -0.00137765 0.04609280
v 0.08494310 0.00018390 0.04525290
v 0.01230530 -0.02447580 0.04882780
v 0.01418140 -0.02451850 0.04882780
v 0.01980950 -0.02447050 0.04882780
v 0.07419680 -0.02442250 0.03382120
v 0.07226610 -0.02360180 0.03771880
v 0.07375970 -0.02361250 0.03719130
v 0.07734780 -0.02167250 0.03885580
v 0.07651000 -0.02136340 0.04010550
v 0.07525320 -0.02153930 0.04044870
v 0.07232070 -0.02197630 0.04099160
v 0.07104580 -0.02143270 0.04217470
v 0.07419680 -0.01951400 0.04398780
v 0.07408750 -0.01843220 0.04518630
v 0.07463390 -0.01761670 0.04588280
v 0.07408750 -0.01692390 0.04661010
v 0.07419680 -0.01557550 0.04767030
v 0.07625500 -0.01494130 0.04748080
v 0.07700180 -0.01400330 0.04788540
v 0.07794890 -0.01266560 0.04819270
v 0.07778500 -0.01102940 0.04909930
v 0.07840430 -0.00931865 0.04953970
v 0.07882320 -0.00829005 0.04973440
v 0.07978850 -0.00757589 0.04936050
v 0.08589020 -0.00181467 0.04319900
v 0.08632740 -0.00181467 0.04207230
v 0.08660060 -0.00181467 0.04112990
v 0.08701950 -0.00181467 0.03944990
v 0.08734740 -0.00181467 0.03757540
v 0.07907820 -0.00689372 0.00838672
v 0.08028030 -0.00556666 0.00885792
v 0.07813100 -0.00579050 0.00761334
v 0.08632740 -0.00619555 0.02069930
v 0.08609060 -0.00744266 0.02069930
v 0.08570810 -0.00931865 0.02069930
v 0.08579920 -0.00744266 0.01882480
v 0.08614520 -0.00555600 0.01889650
v 0.08649130 -0.00525755 0.02069930
v 0.08720160 -0.00369067 0.03757540
v 0.08696490 -0.00556666 0.03757540
v 0.08707420 -0.00556666 0.03569570
v 0.08643670 -0.00674449 0.02300920
v 0.08656420 -0.00570523 0.02246120
v 0.08281210 -0.00706959 0.01200270
v 0.08519810 -0.00744266 0.01695020
v 0.08466990 -0.00744266 0.01560320
v 0.08454240 -0.00851389 0.01592590
v 0.08425100 -0.00744266 0.01466590
v 0.08328560 -0.00759188 0.01302700
v 0.08211990 -0.00759188 0.01135730
v 0.08106350 -0.00744266 0.01008710
v 0.03855180 -0.02580820 0.03195180
v -0.01394120 -0.02613330 0.03382120
v -0.01581720 -0.02596280 0.03382120
v -0.02242890 -0.02526460 0.03481480
v -0.06226310 -0.01981250 0.03569570
v -0.08342790 -0.01621510 0.03765730
v -0.08437510 -0.01595920 0.03305290
v 0.06485300 -0.01617240 0.00761334
v 0.07419680 -0.01939150 0.01442010
v 0.07607280 -0.01984450 0.01573130
v 0.07519860 -0.02153390 0.01784140
v 0.06592760 -0.01593790 0.00761334
v 0.07592710 -0.02177910 0.01886580
v 0.07354110 -0.02350590 0.02139080
v 0.07213860 -0.02359110 0.02074030
v 0.07419680 -0.02481690 0.03007720
v 0.07419680 -0.02424130 0.02444840
v 0.07711100 -0.02343130 0.02515010
v 0.07607280 -0.02395890 0.02632810
v 0.07607280 -0.02412410 0.02820270
v -0.08770820 -0.01381680 0.03569570
v -0.09007610 -0.01225520 0.03382120
v -0.08894680 -0.01300140 0.03569570
v -0.06204460 -0.01973790 0.03757540
v -0.01394120 -0.02599480 0.03569570
v -0.01581720 -0.02583490 0.03569570
v -0.02186430 -0.02521660 0.03606450
v -0.02060750 -0.02526990 0.03668930
v 0.08128210 -0.00744266 0.04834640
v 0.08179210 -0.00540145 0.04845910
v 0.08262990 -0.00466597 0.04789570
v 0.08448780 -0.00263009 0.04599040
v 0.08492490 -0.00192659 0.04524770
v 0.03855180 -0.02565900 0.03382120
v 0.07419680 -0.02468900 0.03195180
v 0.07607280 -0.02399620 0.03195180
v 0.07614570 -0.02369240 0.03375460
v 0.07680140 -0.02331400 0.03432820
v 0.07556280 -0.02355920 0.03523480
v 0.07430610 -0.02386290 0.03579300
v 0.07796710 -0.02190170 0.03755490
v 0.07860460 -0.02136340 0.03816950
v 0.07796710 -0.02105430 0.03947040
v 0.07787600 -0.02007900 0.04129380
v 0.07720210 -0.01973260 0.04239490
v 0.07594530 -0.02092100 0.04117600
v 0.07419680 -0.02015360 0.04305050
v 0.07607280 -0.01994040 0.04268180
v 0.07607280 -0.01920490 0.04361900
v 0.07607280 -0.01826690 0.04468430
v 0.07607280 -0.01733430 0.04562160
v 0.07607280 -0.01639630 0.04644110
v 0.07732960 -0.01608720 0.04617990
v 0.07794890 -0.01499990 0.04666650
v 0.07794890 -0.01360360 0.04763960
v 0.07896890 -0.01222320 0.04794180
v 0.07935140 -0.01119460 0.04819780
v 0.07995240 -0.00942524 0.04858200
v 0.08099070 -0.00887630 0.04809030
v 0.08490670 -0.00369067 0.04488920
v 0.08568990 -0.00369067 0.04319900
v 0.08623630 -0.00369067 0.04178030
v 0.08652770 -0.00369067 0.04084310
v 0.08687380 -0.00369067 0.03944990
v 0.07975210 -0.00749062 0.00906791
v 0.07873210 -0.00814616 0.00858647
v 0.07804000 -0.00749062 0.00804869
v 0.07796710 -0.00607297 0.00761334
v 0.08545310 -0.01307060 0.02632810
v 0.08525270 -0.01307060 0.02444840
v 0.08527100 -0.01119460 0.02069930
v 0.08536200 -0.00931865 0.01882480
v 0.08660060 -0.00556666 0.03950630
v 0.08649130 -0.00699498 0.03891730
v 0.08658240 -0.00754925 0.03763690
v 0.08643670 -0.00864180 0.03705300
v 0.08674630 -0.00744266 0.03569570
v 0.08565350 -0.01307060 0.03007720
v 0.08559880 -0.01307060 0.02820270
v 0.08261170 -0.00832203 0.01228950
v 0.08476100 -0.00921206 0.01697070
v 0.08436030 -0.00976633 0.01635610
v 0.08399600 -0.00921206 0.01520890
v 0.08303060 -0.00931865 0.01348800
v 0.08139140 -0.00925470 0.01125490
v 0.08084490 -0.00858851 0.01029710
v 0.07607280 -0.01815500 0.01372870
v 0.07607280 -0.01909300 0.01479400
v 0.07592710 -0.02080380 0.01710900
v 0.07703820 -0.01965260 0.01598220
v 0.07645530 -0.02130480 0.01827160
v 0.06689290 -0.01559680 0.00761334
v 0.07607280 -0.02247190 0.02069930
v 0.07723850 -0.02162450 0.01952130
v 0.07663750 -0.02330330 0.02390040
v 0.07607280 -0.02412940 0.03007720
v 0.07782140 -0.02297290 0.02449450
v 0.07824030 -0.02310080 0.02632810
v 0.07729320 -0.02349520 0.02632810
v 0.07840430 -0.02318610 0.02820270
v 0.08222920 -0.00744266 0.04744500
v 0.08248420 -0.00591841 0.04772150
v 0.08312170 -0.00540145 0.04703520
v 0.08439670 -0.00369067 0.04582650
v 0.07836780 -0.02317540 0.03007720
v 0.07818570 -0.02310080 0.03195180
v 0.07709280 -0.02341530 0.03308370
v 0.07780320 -0.02300490 0.03375460
v 0.07794890 -0.02250920 0.03569570
v 0.07906000 -0.02161920 0.03691470
v 0.07973390 -0.02085180 0.03755490
v 0.07977030 -0.02002570 0.03928090
v 0.07911460 -0.01979120 0.04064330
v 0.07844070 -0.01939150 0.04189300
v 0.07791250 -0.01868260 0.04318880
v 0.07738430 -0.01797380 0.04437190
v 0.07798530 -0.01684930 0.04509920
v 0.07856820 -0.01566610 0.04583160
v 0.07927850 -0.01441370 0.04631310
v 0.07975210 -0.01297470 0.04689690
v 0.08028030 -0.01119460 0.04754230
v 0.08068100 -0.01012340 0.04782910
v 0.08177390 -0.00945722 0.04701990
v 0.08472450 -0.00556666 0.04454090
v 0.08536200 -0.00556666 0.04319900
v 0.08643670 -0.00493778 0.04056650
v 0.08609060 -0.00556666 0.04124260
v 0.07986140 -0.00925470 0.00983617
v 0.07804000 -0.00946788 0.00878109
v 0.07747530 -0.00894026 0.00828941
v 0.07663750 -0.00807687 0.00761334
v 0.07927850 -0.01080560 0.01010250
v 0.07711100 -0.00744799 0.00761334
v 0.07753000 -0.00680844 0.00761334
v 0.08501600 -0.01494660 0.02632810
v 0.08503420 -0.01307060 0.02257390
v 0.08466990 -0.01444570 0.02257390
v 0.08476100 -0.01307060 0.02077100
v 0.08483380 -0.01122130 0.01878890
v 0.08461520 -0.01061370 0.01760580
v 0.08632740 -0.00619022 0.04016700
v 0.08621810 -0.00754925 0.03950630
v 0.08634560 -0.00824742 0.03830270
v 0.08621810 -0.00928667 0.03763690
v 0.08594490 -0.01119460 0.03569570
v 0.08627270 -0.00976100 0.03569570
v 0.08647310 -0.00882301 0.03569570
v 0.08561700 -0.01307060 0.03195180
v 0.08514350 -0.01494660 0.03195180
v 0.08516170 -0.01494660 0.03007720
v 0.08514350 -0.01494660 0.02820270
v 0.08279380 -0.01071500 0.01386700
v 0.08242960 -0.00931865 0.01255070
v 0.08415990 -0.01122130 0.01697070
v 0.08317630 -0.01127990 0.01495280
v 0.08108170 -0.01119460 0.01188490
v 0.08051710 -0.00983562 0.01058390
v 0.07607280 -0.01717440 0.01279140
v 0.07723850 -0.01789920 0.01398990
v 0.07776680 -0.01859200 0.01520370
v 0.07829500 -0.01929020 0.01651490
v 0.07778500 -0.01994570 0.01706290
v 0.07789420 -0.02093170 0.01886580
v 0.06891470 -0.01470680 0.00761334
v 0.07789420 -0.02182710 0.02081200
v 0.07794890 -0.02241860 0.02257390
v 0.07849530 -0.02129940 0.02026400
v 0.07920570 -0.02173650 0.02257390
v 0.07958820 -0.02199230 0.02444840
v 0.07997070 -0.02205620 0.02630250
v 0.07982490 -0.02233870 0.02820270
v 0.07982490 -0.02234940 0.03007720
v 0.08279380 -0.00879103 0.04621570
v 0.08299420 -0.00744266 0.04650770
v 0.08417810 -0.00556666 0.04547820
v 0.08000710 -0.02207220 0.03212080
v 0.07967920 -0.02202430 0.03382120
v 0.07933320 -0.02180570 0.03569570
v 0.08028030 -0.02114490 0.03569570
v 0.08099070 -0.01986050 0.03757540
v 0.08077210 -0.01965260 0.03854850
v 0.08035320 -0.01930090 0.03979820
v 0.08064460 -0.01764870 0.04210810
v 0.07938780 -0.01814440 0.04273300
v 0.07864100 -0.01760610 0.04398270
v 0.07940600 -0.01635900 0.04458190
v 0.07997070 -0.01510120 0.04519650
v 0.08053530 -0.01372620 0.04581110
v 0.08097240 -0.01247370 0.04623620
v 0.08131850 -0.01119460 0.04660500
v 0.08253880 -0.01004350 0.04589310
v 0.08457880 -0.00680311 0.04427460
v 0.08567170 -0.00744266 0.04132450
v 0.08488850 -0.00743200 0.04327590
v 0.07880500 -0.01205270 0.01042520
v 0.07807640 -0.01133320 0.00968764
v 0.07692890 -0.01019270 0.00853525
v 0.07550820 -0.00944123 0.00761334
v 0.07583610 -0.00904685 0.00761334
v 0.07986140 -0.01133320 0.01086050
v 0.08463350 -0.01616710 0.02632810
v 0.08456060 -0.01600190 0.02508860
v 0.08476100 -0.01503190 0.02445870
v 0.08443310 -0.01571940 0.02383890
v 0.08456060 -0.01412590 0.02144200
v 0.08461520 -0.01245240 0.01939330
v 0.08441490 -0.01186080 0.01814360
v 0.08579920 -0.00931865 0.03944990
v 0.08574450 -0.01119460 0.03757540
v 0.08547130 -0.01307060 0.03569570
v 0.08556240 -0.01307060 0.03382120
v 0.08505240 -0.01494660 0.03382120
v 0.08468810 -0.01626300 0.03195180
v 0.08472450 -0.01634300 0.03007720
v 0.08470630 -0.01631630 0.02820270
v 0.08255710 -0.01196740 0.01424600
v 0.08210170 -0.01127990 0.01322670
v 0.08328560 -0.01325180 0.01676590
v 0.08290310 -0.01275090 0.01550080
v 0.08082670 -0.01224460 0.01218700
v 0.07607280 -0.01623640 0.01196170
v 0.07714750 -0.01597520 0.01218190
v 0.07782140 -0.01673200 0.01327280
v 0.07849530 -0.01749420 0.01442010
v 0.07920570 -0.01803780 0.01566980
v 0.07896890 -0.01970590 0.01776460
v 0.06984360 -0.01417920 0.00761334
v 0.07895070 -0.02155530 0.02151370
v 0.07935140 -0.01999900 0.01882480
v 0.07980670 -0.02056400 0.02073010
v 0.08015280 -0.02103300 0.02257390
v 0.08053530 -0.02132610 0.02444840
v 0.08071740 -0.02147530 0.02566230
v 0.08080850 -0.02154990 0.02691200
v 0.08086320 -0.02159790 0.02820270
v 0.08088140 -0.02161920 0.03007720
v 0.08082670 -0.02157660 0.03160350
v 0.08324920 -0.00937728 0.04519140
v 0.08399600 -0.00743200 0.04497120
v 0.08075390 -0.02150200 0.03285320
v 0.08060810 -0.02139540 0.03382120
v 0.08131850 -0.02020690 0.03569570
v 0.08226560 -0.01918890 0.03569570
v 0.08202880 -0.01864000 0.03767270
v 0.08257530 -0.01768070 0.03836410
v 0.08126390 -0.01868260 0.03928090
v 0.08100890 -0.01805380 0.04085840
v 0.08170100 -0.01682260 0.04132960
v 0.08239310 -0.01549030 0.04180080
v 0.08113640 -0.01639630 0.04279960
v 0.08066280 -0.01578340 0.04404930
v 0.08002530 -0.01700380 0.04338860
v 0.08111810 -0.01453630 0.04456140
v 0.08168280 -0.01300670 0.04503260
v 0.08226560 -0.01119460 0.04553970
v 0.08270280 -0.01228720 0.04424900
v 0.08293960 -0.01119460 0.04460240
v 0.08441490 -0.00805022 0.04395190
v 0.08468810 -0.00931865 0.04264590
v 0.08519810 -0.00931865 0.04132450
v 0.07807640 -0.01317190 0.01071710
v 0.07754820 -0.01261760 0.01010250
v 0.07977030 -0.01294810 0.01174660
v 0.07913280 -0.01426450 0.01206410
v 0.07355930 -0.01130660 0.00761334
v 0.07492540 -0.01000080 0.00761334
v 0.08426920 -0.01725430 0.02820270
v 0.08417810 -0.01710510 0.02632810
v 0.08406880 -0.01670540 0.02445870
v 0.08355880 -0.01681730 0.02257390
v 0.08428740 -0.01538370 0.02257390
v 0.08405060 -0.01482940 0.02077100
v 0.08437850 -0.01369950 0.02019230
v 0.08417810 -0.01307060 0.01878890
v 0.08528920 -0.01119460 0.03944990
v 0.08519810 -0.01307060 0.03757540
v 0.08481560 -0.01501590 0.03561890
v 0.08454240 -0.01594860 0.03493770
v 0.08461520 -0.01609250 0.03382120
v 0.08421450 -0.01720100 0.03195180
v 0.08426920 -0.01728100 0.03007720
v 0.08262990 -0.01399800 0.01601810
v 0.08233850 -0.01325180 0.01495280
v 0.08126390 -0.01294810 0.01323190
v 0.08290310 -0.01454160 0.01726780
v 0.08095420 -0.01430710 0.01388230
v 0.08037140 -0.01349700 0.01263260
v 0.07676500 -0.01386470 0.01047130
v 0.07783960 -0.01491470 0.01177220
v 0.07840430 -0.01551690 0.01255580
v 0.07924210 -0.01624170 0.01380550
v 0.07984320 -0.01683860 0.01505010
v 0.08046240 -0.01744090 0.01642270
v 0.07971570 -0.01859740 0.01709360
v 0.08028030 -0.01920490 0.01882480
v 0.08066280 -0.01954070 0.01994130
v 0.07102750 -0.01338510 0.00761334
v 0.08095420 -0.01983380 0.02119610
v 0.08120920 -0.02009500 0.02257390
v 0.08151890 -0.02038810 0.02444840
v 0.08261170 -0.01959930 0.02556500
v 0.08268460 -0.01970060 0.02681470
v 0.08179210 -0.02068120 0.02820270
v 0.08182850 -0.02066520 0.03007720
v 0.08266630 -0.01967390 0.03136280
v 0.08171920 -0.02059060 0.03211050
v 0.08421450 -0.00931865 0.04358320
v 0.08259350 -0.01959400 0.03261250
v 0.08250240 -0.01946080 0.03382120
v 0.08155530 -0.02045740 0.03382120
v 0.08297600 -0.01825090 0.03569570
v 0.08279380 -0.01797910 0.03711440
v 0.08326740 -0.01696120 0.03767270
v 0.08295780 -0.01638560 0.03944990
v 0.08272100 -0.01600190 0.04055110
v 0.08232030 -0.01732360 0.03944990
v 0.08303060 -0.01489330 0.04123230
v 0.08275740 -0.01423780 0.04249230
v 0.08175560 -0.01501060 0.04327080
v 0.08237490 -0.01353430 0.04374190
v 0.08301240 -0.01297470 0.04314780
v 0.08388670 -0.01106670 0.04305560
v 0.08454240 -0.01035790 0.04233350
v 0.08472450 -0.01106670 0.04125280
v 0.07208400 -0.01254300 0.00761334
v 0.07295820 -0.01181290 0.00761334
v 0.07980670 -0.01491470 0.01321650
v 0.08341310 -0.01869330 0.02820270
v 0.08315810 -0.01886380 0.02624620
v 0.08308530 -0.01845880 0.02444840
v 0.08283030 -0.01806440 0.02257390
v 0.08266630 -0.01781930 0.02151880
v 0.08301240 -0.01683330 0.02081710
v 0.08283030 -0.01622040 0.01925500
v 0.08323100 -0.01507990 0.01870700
v 0.08457880 -0.01231920 0.04057670
v 0.08474270 -0.01299600 0.03935260
v 0.08456060 -0.01411520 0.03866120
v 0.08468810 -0.01441370 0.03757540
v 0.08441490 -0.01568740 0.03618740
v 0.08397780 -0.01667340 0.03561890
v 0.08410530 -0.01703050 0.03382120
v 0.08315810 -0.01852810 0.03382120
v 0.08315810 -0.01885850 0.03197220
v 0.08341310 -0.01869330 0.03007720
v 0.08257530 -0.01579400 0.01800020
v 0.08235670 -0.01507990 0.01676590
v 0.08099070 -0.01618840 0.01568520
v 0.08139140 -0.01493600 0.01506540
v 0.08049890 -0.01555950 0.01443550
v 0.08088140 -0.01790450 0.01767240
v 0.08117280 -0.01826690 0.01882480
v 0.08170100 -0.01868260 0.02073010
v 0.08213810 -0.01900240 0.02257390
v 0.08244780 -0.01939680 0.02444840
v 0.08272100 -0.01974320 0.02820270
v 0.08270280 -0.01972720 0.03007720
v 0.08423280 -0.01535170 0.03757540
v 0.08390490 -0.01482410 0.03935260
v 0.08432380 -0.01357160 0.03991090
v 0.08399600 -0.01299600 0.04125280
v 0.08432380 -0.01161040 0.04182640
v 0.08244780 -0.01747280 0.02026910
v 0.08219280 -0.01683330 0.01870700
v 0.08131850 -0.01681730 0.01700660
f 1013 1109 1014
f 1013 1108 1109
f 999 1096 1097
f 1014 1109 1015
f 1009 1011 1010
f 1007 1107 1024
f 1013 1097 1108
f 1012 1097 1013
f 1015 1113 1114
f 1015 1110 1111
f 1015 1111 1112
f 1015 1112 1113
f 1015 1114 1115
f 1015 1115 1116
f 1015 1116 1117
f 1015 1117 1118
f 1015 1118 1016
f 1016 1118 1119
f 1016 1119 1019
f 1015 1109 1110
f 1006 1107 1007
f 1005 1104 1105
f 1006 1105 1106
f 1016 1019 1018
f 998 1094 1095
f 999 1090 1096
f 998 1095 1089
f 999 1097 1000
f 1000 1011 1009
f 1000 1097 1012
f 1000 1012 1011
f 1001 1023 1098
f 1001 1098 1099
f 1006 1106 1107
f 1001 1099 1002
f 1002 1101 1003
f 1002 1099 1100
f 1003 1101 1102
f 1003 1102 1005
f 1003 1005 1004
f 1005 1102 1103
f 1005 1103 1197
f 1005 1197 1104
f 998 1093 1094
f 1005 1105 1006
f 1002 1100 1101
f 1016 1018 1017
f 1031 1132 1133
f 1019 1120 1121
f 1031 1134 1132
f 1033 1131 1130
f 1033 1130 1134
f 1035 1133 1037
f 1035 1037 1036
f 1037 1133 1041
f 1038 1135 1136
f 1038 1136 1137
f 1038 1137 1039
f 1038 1052 1138
f 1038 1138 1135
f 1040 1041 1144
f 1040 1144 1139
f 1040 1139 1140
f 1040 1140 1141
f 1040 1141 1042
f 998 1092 1093
f 1041 1133 1142
f 1041 1142 1143
f 1041 1143 1144
f 1042 1141 1145
f 1031 1033 1134
f 1031 1035 1032
f 1031 1133 1035
f 1029 1033 1030
f 1019 1121 1122
f 1019 1122 1020
f 1020 1122 1123
f 1020 1123 1021
f 1021 1123 1124
f 1021 1124 1022
f 1022 1124 1125
f 1022 1125 1023
f 1023 1125 1126
f 1023 1126 1098
f 1019 1119 1120
f 1024 1107 1026
f 1025 1026 1127
f 1026 1107 1106
f 1026 1106 1127
f 1027 1127 1128
f 1027 1128 1028
f 1028 1129 1130
f 1028 1130 1131
f 1028 1131 1029
f 1028 1128 1129
f 1029 1131 1033
f 1025 1127 1027
f 998 1091 1092
f 969 970 1067
f 998 1090 999
f 961 1054 1055
f 961 1055 1053
f 962 1053 1055
f 962 1055 1056
f 962 1056 1057
f 962 1057 1058
f 962 1058 1059
f 962 1059 963
f 963 1059 1060
f 963 1060 964
f 964 1060 1061
f 964 1061 973
f 966 1062 967
f 967 1062 1063
f 967 1063 968
f 968 1064 970
f 968 1063 1065
f 968 1065 1064
f 969 1066 1054
f 969 1067 1066
f 970 1064 1068
f 961 969 1054
f 970 1068 1067
f 961 1053 962
f 958 1052 1038
f 948 1037 1041
f 948 1041 1040
f 1042 1145 1043
f 950 1042 1043
f 950 1043 951
f 950 1040 1042
f 951 1043 1044
f 951 1044 952
f 952 1044 1045
f 952 1045 953
f 953 1045 954
f 954 1045 1046
f 954 1046 955
f 955 1047 1048
f 955 1048 956
f 955 1046 1049
f 955 1049 1047
f 956 1048 1050
f 956 1050 1051
f 956 1051 1052
f 956 1052 958
f 959 964 960
f 971 973 1069
f 971 1069 972
f 972 1069 974
f 988 1081 989
f 988 1080 1081
f 989 1081 1080
f 989 1080 1082
f 989 1082 1083
f 989 1083 990
f 990 1080 1084
f 990 1084 1085
f 990 1085 1086
f 990 1086 994
f 990 994 992
f 990 1083 1080
f 991 992 1087
f 991 1087 995
f 992 994 1087
f 993 995 1087
f 993 1087 994
f 994 1088 997
f 994 1086 1088
f 997 1088 998
f 998 1089 1090
f 987 1080 988
f 987 1079 1080
f 986 1079 987
f 985 1076 1077
f 973 1061 1070
f 973 1070 1069
f 974 1069 975
f 975 1071 976
f 975 1069 1070
f 975 1070 1071
f 976 1071 1072
f 976 1072 1073
f 976 1073 977
f 977 1074 983
f 998 1088 1091
f 977 983 979
f 979 983 980
f 981 1075 1076
f 981 1076 982
f 981 983 1074
f 981 1074 1075
f 982 1076 984
f 984 1076 985
f 985 1077 1078
f 985 1078 1079
f 985 1079 986
f 977 1073 1074
f 1043 1145 1146
f 1109 1202 1203
f 1044 1146 1147
f 1114 1208 1210
f 1114 1210 1211
f 1114 1211 1115
f 1115 1211 1212
f 1115 1212 1213
f 1115 1213 1116
f 1116 1213 1214
f 1116 1214 1117
f 1117 1214 1120
f 1117 1120 1119
f 1117 1119 1118
f 1120 1215 1216
f 1120 1216 1121
f 1120 1214 1215
f 1121 1216 1122
f 1122 1216 1217
f 1122 1217 1123
f 1123 1218 1219
f 1123 1219 1124
f 1123 1217 1218
f 1124 1219 1220
f 1114 1209 1208
f 1124 1220 1125
f 1113 1209 1114
f 1112 1208 1113
f 1103 1196 1197
f 1103 1194 1195
f 1104 1106 1105
f 1104 1197 1222
f 1104 1222 1128
f 1104 1128 1198
f 1104 1198 1106
f 1106 1198 1127
f 1108 1186 1199
f 1108 1199 1200
f 1108 1200 1201
f 1108 1201 1109
f 1109 1201 1202
f 1109 1203 1110
f 1110 1203 1204
f 1110 1204 1205
f 1110 1205 1206
f 1110 1206 1207
f 1110 1207 1208
f 1110 1208 1111
f 1111 1208 1112
f 1113 1208 1209
f 1125 1220 1126
f 1126 1221 1192
f 1126 1220 1221
f 1140 1235 1230
f 1142 1226 1236
f 1142 1236 1143
f 1143 1236 1237
f 1143 1237 1238
f 1143 1238 1144
f 1144 1238 1239
f 1144 1239 1240
f 1144 1240 1235
f 1148 1241 1153
f 1148 1152 1241
f 1149 1234 1233
f 1149 1233 1242
f 1149 1242 1150
f 1150 1243 1151
f 1150 1242 1243
f 1151 1243 1244
f 1151 1244 1245
f 1151 1246 1152
f 948 950 949
f 1151 1245 1246
f 1140 1144 1235
f 1140 1145 1141
f 1140 1146 1145
f 1140 1149 1146
f 1127 1198 1128
f 1128 1222 1223
f 1128 1223 1129
f 1129 1223 1130
f 1130 1223 1224
f 1130 1224 1134
f 1132 1134 1225
f 1132 1225 1226
f 1132 1226 1142
f 1132 1142 1133
f 1103 1195 1196
f 1134 1224 1225
f 1135 1138 1228
f 1135 1228 1227
f 1136 1227 1229
f 1138 1154 1228
f 1139 1144 1140
f 1140 1230 1231
f 1140 1231 1232
f 1140 1232 1233
f 1140 1233 1234
f 1140 1234 1149
f 1135 1227 1136
f 1043 1146 1044
f 1102 1194 1103
f 1100 1194 1102
f 1056 1160 1161
f 1056 1161 1162
f 1056 1162 1163
f 1056 1163 1057
f 1057 1163 1060
f 1057 1060 1058
f 1058 1060 1059
f 1060 1163 1061
f 1061 1163 1164
f 1061 1164 1070
f 1064 1065 1068
f 1065 1165 1166
f 1065 1166 1167
f 1065 1167 1168
f 1065 1168 1169
f 1065 1169 1068
f 1066 1067 1170
f 1066 1170 1155
f 1067 1171 1170
f 1067 1068 1169
f 1067 1169 1172
f 1056 1159 1160
f 1067 1172 1173
f 1056 1158 1159
f 1055 1157 1056
f 1044 1147 1045
f 1045 1147 1049
f 1045 1049 1046
f 1047 1148 1048
f 1047 1049 1148
f 1048 1148 1050
f 1049 1147 1146
f 1049 1146 1149
f 1049 1149 1150
f 1049 1150 1151
f 1049 1151 1152
f 1049 1152 1148
f 1050 1148 1153
f 1050 1153 1154
f 1050 1154 1051
f 1051 1154 1138
f 1051 1138 1052
f 1054 1155 1156
f 1054 1156 1157
f 1054 1157 1055
f 1054 1066 1155
f 1056 1157 1158
f 1067 1173 1174
f 1067 1174 1175
f 1067 1175 1171
f 1089 1095 1185
f 1089 1185 1186
f 1089 1186 1108
f 1090 1108 1096
f 1091 1184 1092
f 1092 1184 1093
f 1093 1184 1094
f 1094 1184 1183
f 1094 1183 1187
f 1094 1187 1188
f 1094 1188 1189
f 1094 1189 1190
f 1094 1190 1095
f 1095 1190 1191
f 1095 1191 1185
f 1096 1108 1097
f 1098 1126 1192
f 1098 1192 1193
f 1098 1193 1099
f 1099 1193 1100
f 1100 1193 1194
f 1089 1108 1090
f 1085 1182 1183
f 1085 1088 1086
f 1085 1091 1088
f 1070 1164 1176
f 1070 1176 1177
f 1070 1177 1071
f 1071 1177 1072
f 1072 1178 1077
f 1072 1077 1073
f 1072 1177 1179
f 1072 1179 1178
f 1073 1077 1074
f 1074 1077 1075
f 1100 1102 1101
f 1075 1077 1076
f 1078 1178 1180
f 1078 1180 1181
f 1078 1181 1079
f 1079 1181 1080
f 1080 1181 1182
f 1080 1182 1085
f 1080 1085 1084
f 1080 1083 1082
f 1085 1183 1184
f 1085 1184 1091
f 1077 1178 1078
f 948 1040 950
f 824 922 827
f 946 1038 1039
f 805 900 901
f 805 901 908
f 805 908 814
f 806 821 902
f 806 902 807
f 807 902 808
f 808 903 904
f 808 904 809
f 808 902 903
f 809 904 905
f 809 905 810
f 810 905 906
f 810 906 907
f 810 907 811
f 811 907 822
f 814 908 909
f 814 909 910
f 814 910 815
f 815 910 911
f 815 911 912
f 815 912 913
f 805 899 900
f 815 913 914
f 804 899 805
f 802 898 897
f 793 799 798
f 794 889 890
f 794 890 795
f 794 799 889
f 795 891 892
f 795 892 893
f 795 893 894
f 795 894 796
f 795 890 895
f 795 895 896
f 795 896 897
f 795 897 891
f 796 894 801
f 799 888 887
f 799 887 889
f 801 893 897
f 801 897 898
f 801 898 802
f 801 894 893
f 802 899 804
f 802 804 803
f 802 897 899
f 790 793 791
f 815 914 915
f 815 817 816
f 830 928 831
f 831 928 929
f 831 929 930
f 831 930 931
f 831 931 932
f 831 932 832
f 832 932 834
f 833 834 933
f 833 933 835
f 834 934 935
f 834 935 835
f 834 835 933
f 834 932 936
f 834 936 937
f 834 937 934
f 835 935 836
f 836 935 938
f 836 938 939
f 836 939 837
f 837 939 838
f 838 939 940
f 829 924 926
f 815 915 817
f 829 928 830
f 829 926 927
f 817 915 916
f 817 916 917
f 817 917 818
f 818 917 819
f 819 918 919
f 819 919 820
f 819 917 918
f 820 919 902
f 820 902 821
f 822 907 920
f 822 920 823
f 823 920 824
f 824 920 921
f 824 921 922
f 824 827 825
f 825 827 826
f 827 923 924
f 827 924 828
f 827 922 925
f 827 925 923
f 828 924 829
f 829 927 928
f 790 799 793
f 790 888 799
f 790 887 888
f 751 852 853
f 751 853 752
f 751 851 852
f 752 854 753
f 752 853 854
f 753 854 754
f 754 855 755
f 754 854 855
f 755 856 844
f 755 855 856
f 756 857 858
f 756 858 763
f 756 760 859
f 756 859 857
f 757 762 761
f 757 761 758
f 758 761 759
f 759 761 860
f 759 860 760
f 760 861 862
f 760 862 863
f 749 851 751
f 760 863 864
f 749 850 851
f 747 850 748
f 737 838 839
f 1152 1246 1241
f 737 839 738
f 738 839 739
f 739 839 840
f 739 840 740
f 740 840 841
f 740 841 842
f 740 842 741
f 741 842 742
f 742 842 746
f 744 843 745
f 744 755 844
f 744 844 843
f 746 842 845
f 746 845 846
f 746 846 847
f 746 847 747
f 747 847 848
f 747 848 849
f 747 849 850
f 748 850 749
f 760 864 859
f 760 860 861
f 763 858 865
f 782 872 875
f 782 875 783
f 783 875 784
f 784 875 876
f 784 876 786
f 784 786 785
f 786 876 877
f 786 877 878
f 786 878 787
f 787 878 879
f 787 879 880
f 787 880 788
f 788 881 789
f 788 880 882
f 788 882 883
f 788 883 884
f 788 884 881
f 789 881 885
f 789 885 886
f 789 886 790
f 790 886 887
f 780 872 781
f 779 780 781
f 778 874 873
f 778 871 874
f 763 865 764
f 764 865 866
f 764 866 774
f 764 774 765
f 765 774 766
f 766 774 767
f 769 770 867
f 769 867 868
f 769 868 772
f 770 774 865
f 838 940 941
f 770 865 867
f 771 869 773
f 772 868 869
f 773 869 870
f 773 870 871
f 773 871 778
f 774 866 865
f 775 776 872
f 775 872 780
f 776 778 873
f 776 873 872
f 771 772 869
f 838 941 839
f 839 941 942
f 839 942 840
f 905 1006 906
f 906 1006 1007
f 906 1007 907
f 907 1007 920
f 908 1008 909
f 908 1000 1009
f 908 1009 1008
f 909 1008 1009
f 909 1009 1010
f 909 1010 910
f 910 1010 911
f 911 1010 1011
f 911 1011 1012
f 911 1012 1013
f 911 1013 1014
f 911 1014 912
f 912 1014 1015
f 912 1015 1016
f 912 1016 1017
f 912 1017 913
f 913 916 915
f 905 1005 1006
f 913 915 914
f 905 1004 1005
f 904 1003 905
f 889 995 993
f 890 994 895
f 891 996 892
f 891 897 996
f 892 996 897
f 892 897 893
f 895 994 896
f 896 994 997
f 896 997 897
f 897 998 999
f 897 999 1000
f 897 1000 899
f 897 997 998
f 899 1000 900
f 900 1000 901
f 901 1000 908
f 902 919 903
f 903 919 1001
f 903 1001 1002
f 903 1002 904
f 904 1002 1003
f 905 1003 1004
f 913 1017 1018
f 913 1018 1019
f 913 1019 1020
f 930 1032 936
f 930 936 932
f 930 932 931
f 930 1030 1033
f 930 1033 1031
f 934 1034 935
f 934 937 936
f 934 936 1034
f 935 1034 939
f 935 939 938
f 936 1032 939
f 936 939 1034
f 939 1032 940
f 940 1032 1035
f 940 1035 941
f 941 1035 1036
f 941 1036 1037
f 941 1037 943
f 943 1037 948
f 943 948 944
f 946 958 1038
f 930 1031 1032
f 929 1030 930
f 928 1030 929
f 928 1029 1030
f 913 1020 1021
f 913 1021 1022
f 913 1022 916
f 916 1022 917
f 917 1022 918
f 918 1022 1023
f 918 1023 919
f 919 1023 1001
f 920 1007 921
f 921 1007 1024
f 889 991 995
f 921 1024 925
f 923 1025 926
f 923 926 924
f 923 925 1026
f 923 1026 1025
f 925 1024 1026
f 926 1027 927
f 926 1025 1027
f 927 1027 1028
f 927 1028 1029
f 927 1029 928
f 921 925 922
f 946 1039 947
f 889 994 890
f 887 991 889
f 852 956 957
f 852 957 853
f 852 954 955
f 853 957 854
f 854 957 855
f 855 957 856
f 856 958 946
f 856 957 956
f 856 956 958
f 857 959 858
f 857 859 959
f 858 959 960
f 858 960 865
f 859 864 961
f 859 961 962
f 859 962 963
f 859 963 964
f 859 964 959
f 860 965 861
f 861 965 862
f 862 966 967
f 852 955 956
f 862 967 968
f 851 954 852
f 850 953 851
f 840 942 941
f 840 941 841
f 841 941 943
f 841 943 944
f 841 944 846
f 841 846 845
f 841 845 842
f 843 844 945
f 844 856 946
f 844 946 947
f 844 947 945
f 846 848 847
f 846 944 948
f 846 948 949
f 846 949 848
f 848 949 950
f 848 950 951
f 848 951 952
f 848 952 849
f 849 952 953
f 849 953 850
f 851 953 954
f 862 968 863
f 863 968 864
f 864 969 961
f 874 983 981
f 876 982 877
f 877 982 878
f 878 984 985
f 878 985 986
f 878 986 987
f 878 987 879
f 878 982 984
f 879 987 988
f 879 988 880
f 880 883 882
f 880 988 989
f 880 989 990
f 880 990 883
f 881 884 991
f 881 991 885
f 883 991 884
f 883 990 992
f 883 992 991
f 885 991 886
f 886 991 887
f 874 980 983
f 874 876 875
f 874 982 876
f 874 981 982
f 864 968 970
f 864 970 969
f 865 971 972
f 865 972 867
f 865 960 964
f 865 964 973
f 865 973 971
f 867 972 974
f 867 974 975
f 867 975 868
f 889 993 994
f 868 975 976
f 868 977 869
f 869 978 871
f 869 871 870
f 869 977 979
f 869 979 978
f 871 978 979
f 871 979 980
f 871 980 874
f 872 873 875
f 873 874 875
f 868 976 977
f 1153 1247 1248
f 1412 1470 1469
f 1153 1241 1247
f 1439 1505 1486
f 1439 1503 1504
f 1440 1506 1442
f 1440 1487 1506
f 1441 1442 1507
f 1441 1507 1508
f 1441 1508 1456
f 1442 1506 1507
f 1443 1509 1510
f 1443 1510 1444
f 1443 1448 1468
f 1443 1468 1511
f 1443 1511 1512
f 1443 1512 1509
f 1444 1510 1445
f 1445 1510 1513
f 1445 1513 1514
f 1445 1514 1446
f 1449 1463 1515
f 1449 1515 1516
f 1449 1516 1450
f 1439 1504 1505
f 1450 1516 1517
f 1438 1503 1439
f 1437 1502 1503
f 1428 1491 1492
f 1428 1492 1429
f 1429 1492 1493
f 1429 1493 1494
f 1429 1494 1495
f 1429 1495 1430
f 1430 1495 1431
f 1431 1495 1496
f 1431 1496 1497
f 1431 1497 1498
f 1431 1498 1499
f 1431 1499 1500
f 1431 1500 1432
f 1432 1500 1433
f 1433 1500 1434
f 1434 1500 1499
f 1434 1499 1435
f 1435 1499 1436
f 1436 1499 1501
f 1436 1501 1437
f 1437 1501 1502
f 1437 1503 1438
f 1428 1490 1491
f 1450 1517 1452
f 1452 1518 1519
f 1464 1468 1465
f 1466 1522 1533
f 1466 1533 1530
f 1466 1530 1467
f 1468 1534 1535
f 1468 1535 1512
f 1468 1512 1511
f 1468 1532 1534
f 1470 1536 1537
f 1470 1537 1538
f 1470 1538 1471
f 1470 1475 1536
f 1471 1538 1472
f 1472 1538 1539
f 1472 1539 1473
f 1473 1539 1540
f 1473 1540 1541
f 1473 1541 1542
f 1473 1542 1474
f 1474 1542 1543
f 1474 1543 1544
f 1464 1532 1468
f 1452 1517 1518
f 1464 1531 1532
f 1464 1467 1530
f 1452 1519 1453
f 1453 1519 1520
f 1453 1520 1521
f 1453 1521 1454
f 1454 1521 1522
f 1454 1522 1455
f 1455 1522 1466
f 1456 1508 1523
f 1456 1523 1457
f 1457 1523 1524
f 1457 1524 1458
f 1458 1524 1525
f 1458 1525 1460
f 1460 1525 1526
f 1460 1526 1527
f 1460 1527 1461
f 1461 1527 1528
f 1461 1528 1529
f 1461 1529 1462
f 1462 1529 1515
f 1462 1515 1463
f 1464 1530 1531
f 1427 1490 1428
f 1427 1489 1490
f 1426 1489 1427
f 1387 1455 1388
f 1388 1455 1402
f 1389 1441 1390
f 1390 1441 1456
f 1390 1456 1391
f 1391 1456 1457
f 1391 1457 1392
f 1392 1457 1393
f 1393 1457 1458
f 1393 1458 1459
f 1393 1459 1396
f 1393 1396 1394
f 1396 1459 1397
f 1397 1459 1458
f 1397 1458 1460
f 1397 1460 1461
f 1397 1461 1462
f 1397 1462 1398
f 1398 1462 1399
f 1399 1462 1463
f 1399 1463 1449
f 1387 1454 1455
f 1400 1464 1401
f 1386 1454 1387
f 1385 1451 1450
f 1373 1442 1441
f 1374 1375 1389
f 1375 1441 1389
f 1376 1405 1380
f 1377 1380 1443
f 1377 1443 1444
f 1377 1444 1445
f 1377 1445 1378
f 1378 1445 1446
f 1378 1446 1447
f 1378 1447 1379
f 1380 1405 1448
f 1380 1448 1443
f 1383 1449 1450
f 1383 1450 1451
f 1383 1451 1384
f 1383 1399 1449
f 1384 1451 1385
f 1385 1450 1452
f 1385 1452 1453
f 1385 1453 1386
f 1386 1453 1454
f 1400 1403 1464
f 1401 1464 1465
f 1401 1465 1404
f 1416 1476 1479
f 1416 1479 1480
f 1416 1480 1417
f 1417 1480 1481
f 1417 1481 1418
f 1418 1481 1482
f 1418 1482 1419
f 1419 1482 1483
f 1419 1483 1484
f 1419 1484 1420
f 1420 1484 1485
f 1420 1485 1424
f 1421 1439 1486
f 1421 1486 1487
f 1421 1487 1422
f 1422 1487 1423
f 1423 1487 1440
f 1424 1485 1488
f 1424 1488 1425
f 1425 1488 1489
f 1425 1489 1426
f 1415 1478 1476
f 1415 1477 1478
f 1415 1474 1477
f 1414 1476 1416
f 1402 1466 1467
f 1402 1467 1403
f 1402 1455 1466
f 1403 1467 1464
f 1404 1465 1468
f 1404 1468 1405
f 1405 1468 1448
f 1406 1469 1470
f 1406 1470 1407
f 1406 1412 1469
f 1474 1544 1477
f 1407 1470 1471
f 1407 1472 1408
f 1408 1472 1473
f 1408 1473 1409
f 1409 1473 1474
f 1409 1474 1410
f 1410 1474 1411
f 1411 1474 1415
f 1412 1475 1470
f 1413 1415 1476
f 1413 1476 1414
f 1407 1471 1472
f 1475 1545 1536
f 1476 1478 1479
f 1477 1544 1478
f 1546 1601 1602
f 1546 1602 1547
f 1547 1602 1603
f 1547 1603 1549
f 1547 1549 1548
f 1549 1603 1578
f 1549 1578 1577
f 1549 1577 1550
f 1550 1577 1576
f 1550 1576 1604
f 1550 1604 1551
f 1551 1604 1552
f 1552 1604 1605
f 1552 1605 1553
f 1553 1556 1554
f 1553 1605 1593
f 1553 1593 1592
f 1553 1592 1556
f 1555 1570 1571
f 1556 1592 1591
f 1556 1591 1557
f 1544 1601 1546
f 1557 1591 1559
f 1544 1600 1601
f 1543 1599 1544
f 1528 1593 1529
f 1529 1593 1576
f 1530 1594 1595
f 1530 1595 1596
f 1530 1596 1597
f 1530 1597 1534
f 1530 1534 1531
f 1530 1533 1594
f 1531 1534 1532
f 1533 1583 1594
f 1534 1596 1598
f 1534 1598 1535
f 1534 1597 1596
f 1535 1598 1575
f 1539 1575 1598
f 1539 1598 1540
f 1540 1598 1596
f 1540 1596 1541
f 1541 1596 1599
f 1541 1599 1542
f 1542 1599 1543
f 1544 1599 1600
f 1559 1591 1590
f 1559 1590 1589
f 1559 1589 1560
f 1582 1611 1594
f 1582 1594 1583
f 1584 1586 1585
f 1584 1610 1609
f 1584 1609 1608
f 1584 1608 1586
f 1586 1608 1607
f 1586 1607 1606
f 1586 1606 1587
f 1587 1606 1588
f 1593 1605 1604
f 1594 1611 1612
f 1594 1612 1599
f 1594 1599 1613
f 1594 1613 1595
f 1595 1613 1596
f 1596 1613 1599
f 1599 1612 1600
f 1600 1612 1611
f 1600 1611 1601
f 736 838 737
f 1581 1611 1582
f 1580 1601 1611
f 1580 1602 1601
f 1580 1611 1581
f 1560 1589 1561
f 1561 1589 1588
f 1561 1588 1606
f 1561 1606 1607
f 1561 1607 1562
f 1562 1607 1563
f 1563 1607 1565
f 1565 1607 1608
f 1565 1608 1609
f 1565 1609 1566
f 1528 1592 1593
f 1566 1609 1569
f 1566 1568 1567
f 1569 1609 1610
f 1569 1610 1570
f 1570 1610 1571
f 1571 1610 1584
f 1571 1584 1572
f 1576 1593 1604
f 1578 1603 1579
f 1579 1603 1602
f 1579 1602 1580
f 1566 1569 1568
f 1373 1440 1442
f 1528 1591 1592
f 1527 1590 1528
f 1490 1558 1557
f 1490 1557 1491
f 1491 1557 1559
f 1491 1559 1560
f 1491 1560 1492
f 1492 1560 1493
f 1493 1560 1561
f 1493 1561 1562
f 1493 1562 1563
f 1493 1563 1564
f 1493 1564 1495
f 1493 1495 1494
f 1495 1564 1496
f 1496 1564 1563
f 1496 1563 1497
f 1497 1563 1565
f 1497 1565 1566
f 1497 1566 1567
f 1497 1567 1498
f 1498 1567 1499
f 1499 1567 1501
f 1488 1490 1489
f 1501 1567 1568
f 1488 1558 1490
f 1488 1556 1557
f 1478 1544 1546
f 1478 1546 1479
f 1479 1546 1547
f 1479 1547 1480
f 1480 1547 1548
f 1480 1548 1481
f 1481 1548 1549
f 1481 1549 1550
f 1481 1550 1482
f 1482 1550 1483
f 1483 1550 1551
f 1483 1551 1484
f 1484 1551 1552
f 1484 1552 1485
f 1485 1552 1553
f 1485 1553 1554
f 1485 1554 1488
f 1486 1555 1506
f 1486 1506 1487
f 1486 1505 1555
f 1488 1554 1556
f 1488 1557 1558
f 1501 1568 1502
f 1502 1568 1504
f 1502 1504 1503
f 1518 1520 1519
f 1518 1578 1579
f 1518 1579 1580
f 1518 1580 1581
f 1518 1581 1520
f 1520 1581 1582
f 1520 1582 1583
f 1520 1583 1521
f 1521 1583 1522
f 1522 1583 1533
f 1523 1572 1584
f 1523 1584 1585
f 1523 1585 1524
f 1524 1585 1586
f 1524 1586 1587
f 1524 1587 1525
f 1525 1587 1588
f 1525 1588 1526
f 1526 1588 1589
f 1526 1589 1590
f 1526 1590 1527
f 1517 1578 1518
f 1516 1578 1517
f 1516 1577 1578
f 1515 1577 1516
f 1504 1569 1570
f 1504 1570 1505
f 1504 1568 1569
f 1505 1570 1555
f 1506 1571 1507
f 1506 1555 1571
f 1507 1571 1508
f 1508 1571 1572
f 1508 1572 1523
f 1509 1512 1537
f 1528 1590 1591
f 1509 1537 1536
f 1510 1536 1545
f 1510 1545 1573
f 1510 1573 1574
f 1510 1574 1513
f 1512 1535 1575
f 1512 1575 1539
f 1512 1539 1538
f 1512 1538 1537
f 1515 1529 1576
f 1515 1576 1577
f 1509 1536 1510
f 1373 1441 1375
f 1372 1423 1440
f 1372 1440 1373
f 1219 1304 1305
f 1219 1305 1220
f 1220 1305 1306
f 1220 1306 1221
f 1221 1306 1307
f 1221 1307 1277
f 1222 1281 1308
f 1222 1308 1309
f 1222 1309 1223
f 1223 1309 1310
f 1223 1310 1311
f 1223 1311 1224
f 1224 1311 1225
f 1225 1311 1312
f 1225 1312 1236
f 1225 1236 1226
f 1227 1228 1313
f 1227 1313 1314
f 1227 1314 1315
f 1227 1315 1229
f 1228 1248 1313
f 1218 1304 1219
f 1229 1315 1316
f 1217 1304 1218
f 1216 1303 1304
f 1206 1292 1293
f 1206 1293 1294
f 1206 1294 1207
f 1207 1294 1208
f 1208 1295 1210
f 1208 1294 1296
f 1208 1296 1295
f 1210 1295 1296
f 1210 1296 1297
f 1210 1297 1298
f 1210 1298 1212
f 1210 1212 1211
f 1212 1298 1299
f 1212 1299 1300
f 1212 1300 1213
f 1213 1300 1214
f 1214 1300 1215
f 1215 1301 1216
f 1215 1300 1301
f 1216 1301 1302
f 1216 1302 1303
f 1216 1304 1217
f 1230 1235 1239
f 1230 1239 1231
f 1231 1317 1232
f 1245 1331 1332
f 1245 1332 1246
f 1246 1332 1328
f 1247 1333 1334
f 1247 1334 1248
f 1247 1328 1333
f 1248 1334 1313
f 1249 1264 1283
f 1249 1283 1282
f 1249 1282 1273
f 1249 1273 1250
f 1250 1273 1274
f 1250 1274 1251
f 1251 1274 1252
f 1257 1335 1336
f 1257 1336 1258
f 1257 1260 1335
f 1258 1337 1259
f 1258 1336 1338
f 1258 1338 1337
f 1259 1337 1339
f 1244 1331 1245
f 1244 1330 1331
f 1244 1329 1330
f 1242 1244 1243
f 1231 1239 1317
f 1232 1317 1318
f 1232 1318 1319
f 1232 1319 1320
f 1232 1320 1233
f 1233 1320 1242
f 1235 1240 1239
f 1236 1312 1237
f 1237 1312 1321
f 1237 1321 1322
f 1206 1291 1292
f 1237 1322 1323
f 1237 1324 1325
f 1237 1325 1238
f 1238 1325 1326
f 1238 1326 1327
f 1238 1327 1239
f 1239 1327 1317
f 1241 1246 1328
f 1241 1328 1247
f 1242 1320 1329
f 1242 1329 1244
f 1237 1323 1324
f 1259 1339 1261
f 1205 1291 1206
f 1205 1289 1290
f 1166 1258 1259
f 1166 1259 1167
f 1166 1256 1260
f 1166 1260 1257
f 1167 1259 1169
f 1167 1169 1168
f 1169 1259 1261
f 1169 1261 1262
f 1169 1262 1263
f 1169 1263 1172
f 1170 1264 1249
f 1170 1171 1175
f 1170 1175 1264
f 1172 1263 1262
f 1172 1262 1265
f 1172 1265 1174
f 1172 1174 1173
f 1174 1265 1266
f 1174 1266 1267
f 1174 1267 1175
f 1175 1267 1268
f 1166 1257 1258
f 1175 1268 1264
f 1165 1256 1166
f 1164 1181 1255
f 1154 1248 1228
f 1155 1170 1249
f 1155 1249 1250
f 1155 1250 1156
f 1156 1250 1251
f 1156 1251 1160
f 1156 1160 1159
f 1156 1159 1158
f 1156 1158 1157
f 1160 1251 1252
f 1160 1252 1189
f 1160 1189 1188
f 1160 1188 1253
f 1160 1253 1161
f 1161 1253 1162
f 1162 1253 1163
f 1163 1253 1183
f 1163 1183 1182
f 1163 1182 1254
f 1163 1254 1164
f 1164 1254 1181
f 1164 1255 1176
f 1176 1255 1269
f 1176 1269 1270
f 1176 1270 1177
f 1193 1278 1194
f 1194 1278 1279
f 1194 1279 1195
f 1195 1279 1280
f 1195 1280 1196
f 1196 1280 1197
f 1197 1280 1281
f 1197 1281 1222
f 1200 1273 1201
f 1201 1273 1282
f 1201 1282 1283
f 1201 1283 1202
f 1202 1283 1284
f 1202 1284 1285
f 1202 1285 1286
f 1202 1286 1287
f 1202 1287 1288
f 1202 1288 1204
f 1202 1204 1203
f 1204 1288 1289
f 1204 1289 1205
f 1192 1221 1277
f 1192 1278 1193
f 1192 1277 1278
f 1191 1274 1273
f 1177 1270 1179
f 1178 1179 1180
f 1179 1270 1180
f 1180 1270 1271
f 1180 1271 1181
f 1181 1254 1182
f 1181 1271 1269
f 1181 1269 1255
f 1183 1253 1272
f 1183 1272 1187
f 1205 1290 1291
f 1185 1191 1186
f 1186 1273 1200
f 1186 1200 1199
f 1187 1272 1188
f 1188 1272 1253
f 1189 1252 1274
f 1189 1274 1275
f 1189 1275 1190
f 1190 1275 1276
f 1190 1276 1191
f 1191 1276 1274
f 1186 1191 1273
f 1153 1248 1154
f 1260 1340 1335
f 1261 1339 1342
f 1334 1404 1405
f 1334 1405 1376
f 1335 1406 1407
f 1335 1407 1336
f 1335 1340 1406
f 1336 1407 1338
f 1337 1338 1339
f 1338 1407 1408
f 1338 1408 1409
f 1338 1409 1410
f 1338 1410 1339
f 1339 1410 1411
f 1339 1411 1342
f 1340 1412 1406
f 1341 1342 1413
f 1341 1413 1414
f 1341 1414 1343
f 1342 1411 1415
f 1342 1415 1413
f 1343 1414 1345
f 1344 1348 1353
f 1333 1401 1404
f 1345 1414 1416
f 1333 1404 1334
f 1331 1403 1400
f 1323 1391 1324
f 1324 1391 1392
f 1324 1392 1393
f 1324 1393 1394
f 1324 1394 1395
f 1324 1395 1325
f 1325 1395 1326
f 1326 1395 1394
f 1326 1394 1396
f 1326 1396 1397
f 1326 1397 1398
f 1326 1398 1399
f 1326 1399 1327
f 1327 1399 1383
f 1328 1332 1400
f 1328 1400 1401
f 1328 1401 1333
f 1329 1388 1330
f 1330 1402 1403
f 1330 1403 1331
f 1330 1388 1402
f 1331 1400 1332
f 1345 1416 1417
f 1345 1417 1346
f 1346 1417 1418
f 1360 1430 1361
f 1361 1430 1431
f 1361 1431 1432
f 1361 1432 1362
f 1362 1432 1433
f 1362 1433 1363
f 1363 1433 1364
f 1364 1433 1365
f 1365 1433 1366
f 1366 1433 1434
f 1366 1434 1435
f 1366 1435 1367
f 1367 1435 1436
f 1367 1436 1368
f 1368 1436 1437
f 1368 1437 1369
f 1369 1437 1370
f 1370 1437 1438
f 1370 1438 1371
f 1371 1438 1439
f 1371 1439 1421
f 1360 1429 1430
f 1359 1429 1360
f 1359 1428 1429
f 1359 1427 1428
f 1346 1418 1419
f 1346 1419 1348
f 1346 1348 1347
f 1348 1419 1420
f 1348 1420 1353
f 1349 1371 1421
f 1349 1421 1422
f 1349 1422 1350
f 1350 1422 1351
f 1351 1422 1352
f 1322 1391 1323
f 1352 1422 1423
f 1353 1420 1424
f 1353 1424 1354
f 1354 1425 1356
f 1354 1356 1355
f 1354 1424 1425
f 1356 1425 1426
f 1356 1426 1357
f 1357 1426 1358
f 1358 1426 1427
f 1358 1427 1359
f 1352 1423 1372
f 1261 1341 1262
f 1322 1390 1391
f 1321 1389 1322
f 1284 1344 1353
f 1284 1353 1354
f 1284 1354 1355
f 1284 1355 1285
f 1285 1355 1356
f 1285 1356 1286
f 1286 1356 1357
f 1286 1357 1287
f 1287 1357 1288
f 1288 1357 1289
f 1289 1357 1358
f 1289 1358 1290
f 1290 1358 1359
f 1290 1359 1360
f 1290 1360 1361
f 1290 1361 1291
f 1291 1361 1292
f 1292 1361 1362
f 1292 1362 1293
f 1293 1362 1363
f 1293 1363 1364
f 1283 1344 1284
f 1293 1364 1297
f 1280 1352 1308
f 1279 1352 1280
f 1261 1342 1341
f 1262 1341 1343
f 1262 1343 1265
f 1264 1268 1344
f 1264 1344 1283
f 1265 1343 1266
f 1266 1343 1345
f 1266 1345 1346
f 1266 1346 1347
f 1266 1347 1267
f 1267 1347 1268
f 1268 1347 1348
f 1268 1348 1344
f 1269 1271 1270
f 1274 1276 1275
f 1277 1349 1350
f 1277 1350 1278
f 1277 1307 1349
f 1278 1350 1279
f 1279 1350 1351
f 1279 1351 1352
f 1280 1308 1281
f 1293 1297 1296
f 1293 1296 1294
f 1297 1364 1298
f 1313 1376 1314
f 1313 1334 1376
f 1314 1377 1378
f 1314 1378 1379
f 1314 1379 1315
f 1314 1376 1380
f 1314 1380 1377
f 1315 1379 1381
f 1315 1381 1382
f 1315 1382 1316
f 1317 1327 1383
f 1317 1383 1318
f 1318 1383 1384
f 1318 1384 1319
f 1319 1384 1385
f 1319 1385 1386
f 1319 1386 1387
f 1319 1387 1320
f 1320 1387 1388
f 1320 1388 1329
f 1321 1374 1389
f 1312 1374 1321
f 1311 1374 1312
f 1310 1375 1374
f 1310 1373 1375
f 1298 1364 1299
f 1299 1364 1301
f 1299 1301 1300
f 1301 1364 1365
f 1301 1365 1366
f 1301 1366 1302
f 1302 1366 1367
f 1302 1367 1303
f 1303 1367 1304
f 1304 1367 1368
f 1322 1389 1390
f 1304 1368 1369
f 1304 1370 1305
f 1305 1370 1306
f 1306 1370 1307
f 1307 1370 1371
f 1307 1371 1349
f 1308 1352 1372
f 1308 1372 1373
f 1308 1373 1309
f 1309 1373 1310
f 1310 1374 1311
f 1304 1369 1370
f 736 837 838
f 313 406 407
f 735 836 736
f 191 270 192
f 192 270 271
f 192 271 272
f 192 272 194
f 192 194 193
f 194 273 195
f 194 272 273
f 195 274 275
f 195 275 196
f 195 273 276
f 195 276 277
f 195 277 278
f 195 278 279
f 195 279 280
f 195 280 281
f 195 281 274
f 196 275 197
f 197 275 274
f 197 274 282
f 197 282 199
f 198 203 205
f 188 269 189
f 199 282 283
f 187 269 188
f 186 263 187
f 179 452 451
f 179 451 450
f 179 450 449
f 179 449 355
f 179 355 271
f 179 271 270
f 179 270 191
f 179 191 190
f 179 190 189
f 179 189 269
f 179 269 350
f 179 350 349
f 179 349 348
f 179 348 351
f 179 351 264
f 180 185 268
f 180 268 181
f 181 268 185
f 181 185 265
f 183 185 184
f 185 260 265
f 187 263 269
f 179 458 452
f 199 283 284
f 199 285 200
f 215 295 296
f 215 296 297
f 215 297 298
f 215 298 299
f 215 299 216
f 216 299 220
f 216 220 300
f 216 300 218
f 217 301 222
f 217 221 298
f 217 298 302
f 217 302 301
f 218 300 220
f 218 220 219
f 220 299 298
f 220 298 221
f 222 301 236
f 223 237 303
f 223 303 224
f 224 303 225
f 225 304 226
f 214 295 215
f 199 284 285
f 214 294 295
f 213 293 294
f 200 286 287
f 200 287 288
f 200 288 201
f 200 285 286
f 201 289 203
f 201 203 202
f 201 288 287
f 201 287 290
f 201 290 289
f 203 289 290
f 203 290 205
f 205 290 206
f 206 290 291
f 206 291 207
f 207 291 212
f 207 212 208
f 209 211 210
f 211 216 218
f 212 291 292
f 212 292 213
f 213 292 293
f 213 294 214
f 179 459 458
f 179 460 459
f 179 461 460
f 169 256 170
f 170 256 257
f 170 257 171
f 171 257 258
f 171 258 172
f 172 258 259
f 172 259 173
f 173 260 185
f 173 185 183
f 173 183 175
f 173 175 174
f 173 259 261
f 173 261 262
f 173 262 260
f 175 183 182
f 177 263 186
f 177 179 264
f 177 264 263
f 178 181 265
f 178 265 266
f 178 266 267
f 169 255 256
f 178 267 179
f 168 255 169
f 168 253 254
f 158 244 159
f 159 244 245
f 159 245 246
f 159 246 160
f 160 246 247
f 160 247 248
f 160 248 161
f 161 248 162
f 162 248 247
f 162 247 249
f 162 249 250
f 162 250 164
f 162 164 163
f 164 251 165
f 164 250 252
f 164 252 253
f 164 253 251
f 165 251 166
f 166 251 167
f 167 251 253
f 167 253 168
f 168 254 255
f 179 267 354
f 179 354 448
f 179 448 447
f 179 1545 1475
f 179 1475 1412
f 179 1412 1340
f 179 1340 1260
f 179 1260 1256
f 179 1256 1165
f 179 1165 1065
f 179 1065 1063
f 179 1063 1062
f 179 1062 966
f 179 966 862
f 179 862 965
f 179 965 860
f 179 860 761
f 179 761 661
f 179 661 550
f 179 550 465
f 179 465 464
f 179 464 463
f 179 463 462
f 179 462 461
f 179 1573 1545
f 179 1574 1573
f 179 1513 1574
f 179 1514 1513
f 179 447 446
f 179 446 540
f 179 540 647
f 179 647 646
f 179 646 645
f 179 645 644
f 179 644 743
f 179 743 745
f 179 745 843
f 179 843 945
f 225 303 305
f 179 945 947
f 179 1039 1137
f 179 1137 1136
f 179 1136 1229
f 179 1229 1316
f 179 1316 1382
f 179 1382 1381
f 179 1381 1379
f 179 1379 1447
f 179 1447 1446
f 179 1446 1514
f 179 947 1039
f 225 305 304
f 226 304 306
f 226 306 307
f 290 379 380
f 290 380 291
f 291 380 381
f 291 381 293
f 291 293 292
f 293 381 382
f 293 382 383
f 293 383 294
f 294 383 384
f 294 384 295
f 295 384 385
f 295 385 386
f 295 386 387
f 295 387 388
f 295 388 296
f 296 388 297
f 297 388 389
f 297 389 390
f 297 390 298
f 298 390 391
f 298 391 392
f 290 378 379
f 298 392 393
f 290 377 378
f 287 376 290
f 278 361 364
f 278 364 365
f 278 365 279
f 279 365 366
f 279 366 367
f 279 367 368
f 279 368 369
f 279 369 280
f 280 369 281
f 281 369 283
f 283 370 284
f 283 369 371
f 283 371 370
f 284 370 285
f 285 370 286
f 286 370 287
f 287 370 372
f 287 372 373
f 287 373 374
f 287 374 375
f 287 375 376
f 290 376 377
f 298 393 301
f 298 301 302
f 301 394 395
f 313 407 408
f 313 408 314
f 314 408 319
f 316 402 409
f 316 409 317
f 317 409 410
f 317 410 411
f 317 411 403
f 318 395 396
f 319 408 412
f 319 412 413
f 319 413 321
f 319 321 320
f 321 413 414
f 321 414 415
f 321 415 322
f 322 415 416
f 322 416 323
f 323 416 324
f 324 416 417
f 324 417 325
f 312 406 313
f 312 405 406
f 311 317 403
f 311 405 312
f 301 395 318
f 301 393 392
f 301 392 394
f 303 318 396
f 303 396 305
f 304 397 306
f 304 305 397
f 305 396 398
f 305 398 399
f 305 399 397
f 277 363 360
f 306 400 308
f 306 397 399
f 306 399 400
f 308 401 402
f 308 402 316
f 308 316 315
f 308 315 309
f 308 400 401
f 309 315 310
f 311 403 404
f 311 404 405
f 306 308 307
f 158 243 244
f 277 362 363
f 277 361 278
f 239 320 321
f 239 321 240
f 240 321 322
f 240 322 241
f 241 322 243
f 241 243 242
f 243 322 323
f 243 323 324
f 243 324 325
f 243 325 245
f 243 245 326
f 243 326 244
f 244 326 245
f 245 325 327
f 245 327 328
f 245 328 246
f 246 328 329
f 246 329 247
f 247 329 330
f 247 330 249
f 249 330 331
f 238 320 239
f 249 331 332
f 238 319 320
f 236 303 237
f 226 307 308
f 226 308 309
f 226 309 227
f 227 309 310
f 228 310 229
f 229 310 232
f 230 311 231
f 230 235 311
f 231 311 312
f 231 312 313
f 231 313 314
f 231 314 238
f 232 310 315
f 232 315 233
f 233 315 235
f 233 235 234
f 235 315 316
f 235 316 317
f 235 317 311
f 236 301 318
f 236 318 303
f 238 314 319
f 249 332 250
f 250 332 252
f 252 332 333
f 263 349 350
f 263 350 269
f 263 264 351
f 263 351 348
f 265 347 352
f 265 352 266
f 266 352 353
f 266 353 354
f 266 354 267
f 271 355 356
f 271 356 272
f 272 356 273
f 273 356 276
f 274 281 283
f 274 283 282
f 276 356 357
f 276 357 355
f 276 355 358
f 276 358 359
f 276 359 277
f 277 360 361
f 263 348 349
f 262 347 265
f 262 346 347
f 262 345 346
f 252 333 334
f 252 334 253
f 253 334 335
f 253 335 254
f 254 335 336
f 254 336 255
f 255 336 337
f 255 337 256
f 256 337 338
f 256 338 257
f 277 359 362
f 257 338 339
f 258 339 340
f 258 340 341
f 258 341 259
f 259 341 261
f 260 262 265
f 261 341 342
f 261 342 343
f 261 343 344
f 261 344 262
f 262 344 345
f 257 339 258
f 325 417 327
f 158 242 243
f 156 241 242
f 49 78 51
f 49 77 78
f 51 79 52
f 51 78 80
f 51 80 81
f 51 81 82
f 51 82 83
f 51 83 79
f 52 79 84
f 52 84 53
f 53 84 55
f 54 85 62
f 54 57 86
f 54 86 85
f 55 87 88
f 55 88 89
f 55 89 90
f 55 90 56
f 55 84 87
f 56 90 57
f 57 90 91
f 48 76 77
f 57 91 92
f 48 77 49
f 47 75 76
f 38 62 61
f 39 58 42
f 39 42 41
f 40 42 63
f 42 64 65
f 42 65 63
f 42 60 64
f 43 63 66
f 43 66 44
f 44 66 67
f 44 67 45
f 45 67 68
f 45 68 69
f 45 69 70
f 45 70 71
f 45 71 46
f 46 72 47
f 46 71 73
f 46 73 74
f 46 74 72
f 47 72 75
f 47 76 48
f 38 54 62
f 57 92 93
f 59 61 94
f 67 106 107
f 67 107 68
f 68 107 108
f 68 108 109
f 68 109 110
f 68 110 69
f 69 110 70
f 70 110 111
f 70 111 112
f 70 112 113
f 70 113 114
f 70 114 74
f 70 74 73
f 70 73 71
f 72 115 116
f 72 116 75
f 72 74 117
f 72 117 118
f 72 118 115
f 74 114 119
f 74 119 120
f 66 106 67
f 57 93 86
f 66 105 106
f 66 100 104
f 59 94 95
f 59 95 96
f 59 96 97
f 59 97 60
f 60 97 64
f 61 62 98
f 61 98 94
f 62 85 86
f 62 86 93
f 62 93 99
f 62 99 98
f 63 100 66
f 63 65 100
f 64 101 102
f 64 102 65
f 64 97 96
f 64 96 95
f 64 95 101
f 65 102 103
f 65 103 104
f 65 104 100
f 66 104 105
f 37 61 59
f 37 38 61
f 36 38 37
f 7 19 21
f 7 21 20
f 8 22 9
f 8 20 23
f 8 23 24
f 8 24 22
f 9 22 25
f 9 25 10
f 10 25 26
f 10 26 24
f 10 24 27
f 10 27 28
f 10 28 29
f 10 29 11
f 11 30 31
f 11 31 32
f 11 32 33
f 11 33 14
f 11 29 28
f 11 28 34
f 11 34 30
f 7 20 8
f 12 35 13
f 6 19 7
f 6 17 18
f 736 836 837
f 1 2 3
f 1 3 4
f 1 4 13
f 1 13 5
f 1 5 6
f 1 6 7
f 1 7 2
f 2 8 3
f 2 7 8
f 3 8 9
f 3 9 10
f 3 10 11
f 3 11 4
f 4 12 13
f 4 11 14
f 4 14 12
f 5 13 15
f 5 15 16
f 5 16 17
f 5 17 6
f 6 18 19
f 12 14 36
f 12 36 37
f 12 37 35
f 24 34 28
f 24 28 27
f 24 26 25
f 30 49 31
f 30 34 49
f 31 49 51
f 31 51 52
f 31 52 53
f 31 53 32
f 32 54 38
f 32 38 33
f 32 53 55
f 32 55 56
f 32 56 57
f 32 57 54
f 34 50 49
f 35 58 39
f 35 37 59
f 35 59 60
f 35 60 42
f 35 42 58
f 24 50 34
f 24 49 50
f 24 48 49
f 23 48 24
f 13 35 15
f 14 33 38
f 14 38 36
f 15 39 16
f 15 35 39
f 16 40 17
f 16 39 41
f 16 41 42
f 16 42 40
f 17 40 63
f 74 120 117
f 17 63 43
f 17 44 18
f 18 44 19
f 19 44 45
f 19 45 46
f 19 46 21
f 20 21 23
f 21 46 47
f 21 47 23
f 22 24 25
f 23 47 48
f 17 43 44
f 75 77 76
f 75 116 121
f 75 121 77
f 129 200 130
f 129 197 199
f 130 200 131
f 131 200 201
f 131 201 132
f 132 201 202
f 132 202 133
f 133 135 134
f 133 202 203
f 133 203 204
f 133 204 135
f 135 204 203
f 135 203 198
f 136 198 137
f 137 198 205
f 137 205 206
f 137 206 138
f 138 206 207
f 138 207 208
f 138 208 140
f 139 140 143
f 129 199 200
f 139 143 141
f 127 198 136
f 126 135 198
f 119 182 183
f 119 183 120
f 120 183 184
f 120 184 185
f 120 185 180
f 121 177 122
f 122 186 123
f 122 177 186
f 123 186 187
f 123 187 188
f 123 188 189
f 123 189 190
f 123 190 191
f 123 191 192
f 123 192 193
f 123 193 124
f 124 193 194
f 124 194 195
f 124 195 196
f 124 196 197
f 124 197 129
f 126 198 127
f 140 208 143
f 142 144 209
f 142 209 210
f 152 225 226
f 152 226 227
f 152 227 228
f 152 228 229
f 152 229 153
f 153 230 231
f 153 231 156
f 153 229 232
f 153 232 233
f 153 233 234
f 153 234 235
f 153 235 230
f 154 222 236
f 154 236 155
f 155 236 237
f 155 237 223
f 156 158 157
f 156 231 238
f 156 238 239
f 156 239 240
f 156 240 241
f 152 224 225
f 152 223 224
f 152 155 223
f 150 211 218
f 142 210 211
f 142 211 145
f 143 208 212
f 143 212 213
f 143 213 144
f 144 213 214
f 144 214 215
f 144 215 216
f 144 216 211
f 144 211 209
f 119 175 182
f 145 211 150
f 146 217 147
f 146 150 218
f 146 218 219
f 146 219 220
f 146 220 221
f 146 221 217
f 147 217 222
f 147 222 148
f 148 222 154
f 149 151 150
f 145 150 151
f 156 242 158
f 119 176 175
f 118 180 181
f 87 136 88
f 88 136 137
f 88 137 138
f 88 138 89
f 89 139 90
f 89 138 140
f 89 140 139
f 90 139 91
f 91 139 141
f 91 141 92
f 92 142 93
f 92 141 143
f 92 143 144
f 92 144 142
f 93 142 145
f 93 145 99
f 94 98 146
f 94 146 147
f 94 147 148
f 94 148 95
f 95 148 101
f 87 127 136
f 98 99 149
f 84 127 87
f 83 134 135
f 77 121 122
f 77 122 123
f 77 123 124
f 77 124 125
f 77 125 78
f 78 125 80
f 79 83 126
f 79 126 127
f 79 127 84
f 80 125 124
f 80 124 128
f 80 128 82
f 80 82 81
f 82 129 130
f 82 130 131
f 82 131 132
f 82 132 133
f 82 133 134
f 82 134 83
f 82 128 124
f 82 124 129
f 83 135 126
f 98 149 150
f 98 150 146
f 99 145 151
f 111 166 167
f 111 167 168
f 111 168 169
f 111 169 112
f 112 169 170
f 112 170 113
f 113 170 171
f 113 171 172
f 113 172 173
f 113 173 174
f 113 174 114
f 114 174 175
f 114 175 176
f 114 176 119
f 115 177 116
f 115 118 178
f 115 178 179
f 115 179 177
f 116 177 121
f 117 120 180
f 117 180 118
f 109 111 110
f 109 166 111
f 109 165 166
f 108 165 109
f 99 151 149
f 101 152 153
f 101 153 102
f 101 148 154
f 101 154 155
f 101 155 152
f 102 153 156
f 102 156 157
f 102 157 103
f 103 157 104
f 118 181 178
f 104 157 158
f 105 158 159
f 105 159 160
f 105 160 161
f 105 161 162
f 105 162 163
f 105 163 106
f 106 163 108
f 106 108 107
f 108 163 164
f 108 164 165
f 104 158 105
f 327 417 418
f 227 310 228
f 328 418 329
f 594 595 695
f 595 698 695
f 595 694 699
f 595 699 698
f 596 697 597
f 597 697 598
f 598 700 701
f 598 701 702
f 598 702 703
f 598 703 704
f 598 704 612
f 598 612 599
f 598 697 700
f 599 601 600
f 602 705 706
f 602 706 603
f 602 604 705
f 603 706 707
f 603 707 605
f 604 618 705
f 605 707 708
f 594 697 596
f 605 708 606
f 594 696 697
f 593 691 595
f 580 686 589
f 585 684 687
f 585 687 688
f 585 688 586
f 586 688 689
f 586 689 587
f 587 689 690
f 587 690 588
f 588 691 692
f 588 692 685
f 588 690 693
f 588 693 694
f 588 694 595
f 588 595 691
f 589 686 590
f 590 692 691
f 590 691 591
f 590 686 685
f 590 685 692
f 591 691 593
f 591 593 592
f 594 695 696
f 606 708 709
f 606 709 710
f 606 710 607
f 620 724 725
f 620 725 621
f 621 725 726
f 621 726 622
f 622 726 624
f 622 624 623
f 624 727 728
f 624 728 729
f 624 729 730
f 624 730 731
f 624 731 732
f 624 732 626
f 624 626 625
f 624 726 727
f 626 732 628
f 626 628 627
f 628 732 733
f 327 418 328
f 628 734 630
f 628 630 629
f 630 734 735
f 620 723 724
f 620 722 723
f 620 714 722
f 619 714 620
f 607 710 711
f 607 711 608
f 608 711 712
f 608 712 609
f 609 712 713
f 609 713 610
f 610 713 714
f 610 714 619
f 612 704 613
f 613 715 614
f 580 685 686
f 613 704 716
f 614 715 717
f 614 717 718
f 614 718 615
f 615 718 616
f 616 719 720
f 616 720 721
f 616 721 617
f 616 718 719
f 617 721 705
f 617 705 618
f 613 716 715
f 630 735 631
f 580 589 581
f 579 588 685
f 542 651 652
f 542 652 543
f 543 652 653
f 543 653 544
f 544 653 654
f 544 654 655
f 544 655 545
f 545 655 546
f 546 655 656
f 546 656 547
f 547 656 657
f 547 657 648
f 548 658 549
f 548 551 659
f 548 659 658
f 549 660 552
f 549 658 660
f 550 661 659
f 550 659 551
f 552 660 662
f 552 662 663
f 542 650 651
f 552 663 664
f 542 649 650
f 539 647 540
f 530 637 531
f 531 637 638
f 531 638 639
f 531 639 532
f 532 639 640
f 532 640 534
f 532 534 533
f 534 640 641
f 534 641 642
f 534 642 542
f 534 542 541
f 535 538 643
f 535 643 644
f 535 644 645
f 535 645 536
f 536 645 646
f 536 646 647
f 536 647 539
f 537 547 538
f 538 547 648
f 538 648 643
f 542 642 649
f 552 664 554
f 552 554 553
f 554 664 555
f 564 674 565
f 565 677 566
f 565 674 678
f 565 678 679
f 565 679 677
f 566 680 681
f 566 681 567
f 566 677 680
f 567 681 682
f 567 682 568
f 568 682 571
f 568 571 569
f 571 682 572
f 572 682 683
f 572 683 684
f 572 684 573
f 573 684 575
f 574 575 578
f 575 684 585
f 575 585 584
f 575 584 578
f 563 674 564
f 562 676 670
f 562 675 676
f 562 667 675
f 555 664 556
f 556 664 665
f 556 665 557
f 557 665 558
f 558 665 664
f 558 664 663
f 558 663 559
f 559 663 662
f 559 662 666
f 559 666 667
f 579 685 580
f 559 667 668
f 560 570 668
f 560 668 561
f 561 668 669
f 561 669 562
f 562 670 671
f 562 671 672
f 562 672 673
f 562 673 674
f 562 674 563
f 562 669 667
f 559 668 570
f 529 637 530
f 631 735 632
f 632 736 633
f 700 796 801
f 701 801 802
f 701 802 803
f 701 803 702
f 702 803 804
f 702 804 805
f 702 805 703
f 703 805 716
f 703 716 704
f 705 721 806
f 705 806 706
f 706 806 807
f 706 807 707
f 707 807 708
f 708 808 809
f 708 809 709
f 708 807 808
f 709 809 810
f 709 810 811
f 709 811 710
f 710 811 812
f 700 800 796
f 710 812 711
f 700 801 701
f 697 796 800
f 689 788 789
f 689 789 790
f 689 790 791
f 689 791 693
f 689 693 690
f 693 792 699
f 693 699 694
f 693 791 793
f 693 793 696
f 693 696 792
f 695 698 699
f 695 699 792
f 695 792 696
f 696 794 795
f 696 795 796
f 696 796 797
f 696 797 697
f 696 793 798
f 696 798 799
f 696 799 794
f 697 797 796
f 697 800 700
f 711 812 813
f 711 813 713
f 711 713 712
f 725 825 826
f 725 826 726
f 726 826 727
f 727 826 827
f 727 827 828
f 727 828 728
f 728 828 829
f 728 829 729
f 729 829 830
f 729 830 831
f 729 831 832
f 729 832 730
f 730 833 731
f 730 832 834
f 730 834 833
f 731 833 732
f 732 833 733
f 733 833 734
f 734 833 835
f 734 835 735
f 735 835 836
f 725 824 825
f 724 824 725
f 723 824 724
f 723 823 824
f 713 813 722
f 713 722 714
f 715 814 717
f 715 716 814
f 716 805 814
f 717 814 815
f 717 815 718
f 718 815 816
f 718 816 817
f 718 817 719
f 689 787 788
f 719 817 818
f 720 818 819
f 720 819 820
f 720 820 821
f 720 821 721
f 721 821 806
f 722 813 723
f 723 813 812
f 723 812 811
f 723 811 822
f 723 822 823
f 719 818 720
f 632 735 736
f 689 786 787
f 689 784 785
f 651 748 749
f 651 749 750
f 651 750 652
f 651 747 748
f 652 750 653
f 653 750 749
f 653 749 751
f 653 751 654
f 654 752 753
f 654 753 655
f 654 751 752
f 655 753 656
f 656 753 754
f 656 754 657
f 657 754 755
f 657 755 744
f 658 756 660
f 658 659 757
f 658 757 758
f 658 758 759
f 658 759 760
f 650 747 651
f 658 760 756
f 650 746 747
f 649 742 650
f 633 736 737
f 633 737 634
f 634 737 738
f 634 738 635
f 635 738 636
f 636 738 739
f 636 739 638
f 636 638 637
f 638 739 740
f 638 740 741
f 638 741 639
f 639 741 640
f 640 741 641
f 641 741 742
f 641 742 642
f 642 742 649
f 643 648 743
f 643 743 644
f 648 744 745
f 648 745 743
f 648 657 744
f 650 742 746
f 659 661 761
f 659 761 762
f 659 762 757
f 677 679 776
f 677 776 775
f 678 777 679
f 678 773 777
f 679 777 773
f 679 773 778
f 679 778 776
f 680 779 683
f 680 683 681
f 680 775 780
f 680 780 779
f 681 683 682
f 683 779 687
f 683 687 684
f 687 779 781
f 687 781 688
f 688 781 872
f 688 872 782
f 688 782 783
f 688 783 689
f 689 783 784
f 677 775 680
f 675 770 676
f 675 774 770
f 675 767 774
f 660 756 763
f 660 763 764
f 660 764 765
f 660 765 766
f 660 766 767
f 660 767 667
f 660 667 666
f 660 666 662
f 667 767 768
f 667 768 675
f 689 785 786
f 667 669 668
f 670 676 770
f 670 770 769
f 671 771 672
f 671 769 772
f 671 772 771
f 672 771 673
f 673 773 678
f 673 678 674
f 673 771 773
f 675 768 767
f 670 769 671
f 529 636 637
f 628 733 734
f 528 635 529
f 390 486 489
f 390 489 490
f 390 490 392
f 390 392 391
f 392 490 491
f 392 491 492
f 392 492 394
f 394 493 395
f 394 492 493
f 395 493 494
f 395 494 396
f 396 495 398
f 396 494 495
f 398 495 496
f 398 496 497
f 398 497 498
f 398 498 499
f 398 499 399
f 399 499 500
f 399 500 501
f 399 501 502
f 389 488 485
f 399 502 401
f 389 487 488
f 389 486 390
f 378 474 476
f 378 476 477
f 378 477 379
f 379 477 382
f 379 382 380
f 380 382 381
f 382 477 478
f 382 478 383
f 383 478 479
f 383 479 384
f 384 479 480
f 384 480 385
f 385 387 386
f 385 480 481
f 385 481 482
f 385 482 387
f 387 483 388
f 387 482 484
f 387 484 483
f 388 483 389
f 389 485 486
f 389 483 487
f 377 474 378
f 399 401 400
f 402 502 409
f 416 512 514
f 416 514 417
f 417 514 515
f 417 515 420
f 417 420 516
f 417 516 418
f 418 516 420
f 420 515 421
f 421 517 518
f 421 518 519
f 421 519 520
f 421 520 422
f 421 515 517
f 422 520 423
f 423 520 521
f 423 521 522
f 423 522 424
f 424 522 523
f 424 523 425
f 425 523 426
f 426 523 524
f 414 513 512
f 401 502 402
f 414 511 513
f 414 512 416
f 403 411 503
f 403 503 404
f 404 503 504
f 404 504 505
f 404 505 506
f 404 506 405
f 405 506 406
f 406 506 507
f 406 507 407
f 407 507 508
f 407 508 408
f 408 508 412
f 409 502 501
f 409 501 509
f 409 509 510
f 409 510 410
f 410 510 503
f 410 503 411
f 412 508 511
f 412 511 413
f 413 511 414
f 414 416 415
f 376 474 377
f 375 475 469
f 375 468 475
f 340 431 432
f 340 432 343
f 340 343 342
f 340 342 341
f 343 345 344
f 343 432 433
f 343 433 434
f 343 434 345
f 345 434 435
f 345 435 346
f 346 436 437
f 346 437 438
f 346 438 439
f 346 439 440
f 346 440 347
f 346 435 441
f 346 441 442
f 346 442 436
f 347 440 443
f 347 443 352
f 352 443 440
f 340 430 431
f 352 440 444
f 338 340 339
f 338 429 430
f 329 418 419
f 329 419 330
f 330 420 421
f 529 635 636
f 330 419 418
f 330 418 420
f 331 421 422
f 331 422 332
f 332 422 333
f 333 423 424
f 333 424 334
f 333 422 423
f 334 424 425
f 334 425 335
f 335 425 336
f 336 425 426
f 336 426 427
f 336 427 428
f 336 428 337
f 337 428 429
f 337 429 338
f 338 430 340
f 352 444 445
f 352 445 446
f 352 446 447
f 363 465 456
f 364 457 466
f 364 466 467
f 364 467 366
f 364 366 365
f 366 467 367
f 367 467 468
f 367 468 373
f 367 373 371
f 367 371 369
f 367 369 368
f 370 371 372
f 371 373 372
f 373 468 375
f 373 375 374
f 375 469 470
f 375 470 471
f 375 471 472
f 375 472 473
f 375 473 474
f 375 474 376
f 363 464 465
f 363 463 464
f 363 462 463
f 363 461 462
f 352 447 448
f 352 448 354
f 352 354 353
f 355 449 358
f 355 357 356
f 358 449 450
f 358 450 359
f 359 450 451
f 359 451 452
f 359 452 362
f 426 524 525
f 360 453 454
f 360 455 361
f 360 363 456
f 360 456 453
f 361 455 457
f 361 457 364
f 362 452 458
f 362 458 459
f 362 459 460
f 362 460 363
f 363 460 461
f 360 454 455
f 426 525 427
f 330 421 331
f 427 526 428
f 496 595 594
f 497 594 596
f 497 596 597
f 497 597 498
f 498 597 598
f 498 598 599
f 498 599 499
f 499 599 600
f 499 600 500
f 500 600 601
f 500 601 501
f 501 601 510
f 501 510 509
f 503 602 603
f 503 603 504
f 503 510 604
f 503 604 602
f 504 603 605
f 504 605 505
f 505 605 606
f 505 606 607
f 496 593 595
f 505 607 608
f 496 594 497
f 495 592 593
f 488 583 576
f 488 578 584
f 488 584 585
f 488 585 586
f 488 586 587
f 488 587 588
f 488 588 579
f 489 581 589
f 489 589 490
f 489 577 576
f 489 576 583
f 489 583 582
f 489 582 581
f 490 589 491
f 491 590 591
f 491 591 494
f 491 494 492
f 491 589 590
f 492 494 493
f 494 591 592
f 494 592 495
f 495 593 496
f 505 608 506
f 506 608 507
f 507 608 609
f 519 623 624
f 519 624 625
f 519 625 626
f 519 626 627
f 519 627 521
f 519 521 520
f 521 627 628
f 521 628 629
f 521 629 522
f 522 629 523
f 523 629 524
f 524 629 630
f 524 630 631
f 524 631 525
f 525 631 632
f 525 632 526
f 526 632 633
f 526 633 634
f 527 634 635
f 427 525 526
f 527 635 528
f 519 622 623
f 518 622 519
f 514 517 515
f 513 518 517
f 507 609 508
f 508 609 610
f 508 610 611
f 508 611 511
f 510 601 599
f 510 599 612
f 510 612 613
f 510 613 614
f 510 614 615
f 510 615 616
f 488 582 583
f 510 616 617
f 510 618 604
f 511 611 513
f 512 513 517
f 512 517 514
f 513 611 610
f 513 610 619
f 513 619 620
f 513 620 621
f 513 621 622
f 513 622 518
f 510 617 618
f 488 581 582
f 526 634 527
f 488 579 580
f 488 580 581
f 440 540 446
f 440 446 444
f 441 534 541
f 441 541 542
f 441 542 543
f 441 543 544
f 441 544 545
f 441 545 442
f 442 545 546
f 442 546 547
f 442 547 537
f 444 446 445
f 453 548 454
f 453 456 548
f 454 548 455
f 455 549 457
f 455 548 549
f 456 465 550
f 456 550 551
f 456 551 548
f 439 539 440
f 457 549 552
f 438 539 439
f 437 538 535
f 428 526 527
f 429 527 528
f 428 527 429
f 429 528 431
f 429 431 430
f 431 528 529
f 431 529 530
f 431 530 432
f 432 530 433
f 433 530 531
f 433 531 532
f 433 532 434
f 434 532 533
f 434 533 534
f 434 534 435
f 435 534 441
f 436 442 437
f 437 535 536
f 437 536 438
f 437 442 537
f 437 537 538
f 438 536 539
f 457 552 553
f 440 539 540
f 457 554 555
f 475 570 560
f 476 569 477
f 477 569 478
f 478 569 479
f 479 569 571
f 479 571 480
f 480 571 481
f 481 571 572
f 481 572 573
f 481 573 482
f 482 573 484
f 483 484 487
f 484 574 487
f 484 573 575
f 484 575 574
f 485 576 486
f 485 488 576
f 486 576 577
f 457 553 554
f 487 574 578
f 487 578 488
f 475 559 570
f 472 474 473
f 486 577 489
f 472 569 476
f 472 476 474
f 457 556 557
f 457 555 556
f 466 557 558
f 466 558 559
f 466 559 475
f 466 475 467
f 467 475 468
f 469 475 560
f 469 560 561
f 469 561 562
f 457 557 466
f 469 563 564
f 469 564 470
f 470 564 565
f 470 565 566
f 470 566 567
f 470 567 471
f 471 567 568
f 472 568 569
f 471 568 472
f 469 562 563

