# https://github.com/mikedh/trimesh

o convex_0
v -0.01206050 0.02507120 -0.12183300
v -0.00081733 0.02479470 -0.12370800
v -0.00830925 0.02474860 -0.12370800
v -0.01206050 0.02471400 -0.12370800
v -0.01393610 0.02501930 -0.12183300
v -0.01393610 0.02486380 -0.11995700
v -0.00081733 0.02505390 -0.12183300
v 0.00667459 0.02479470 -0.12370800
v 0.00293393 0.02410340 -0.12558300
v -0.00081733 0.02408610 -0.12558300
v -0.01393610 0.02465640 -0.12370800
v -0.00643362 0.02402270 -0.12558300
v -0.01206050 0.02396510 -0.12552900
v -0.01393610 0.02394780 -0.12549800
v -0.01581180 0.02392480 -0.12547500
v -0.02143860 0.02386140 -0.12534000
v -0.02706550 0.02378650 -0.12518900
v -0.02894120 0.02375770 -0.12513500
v -0.03081680 0.02372320 -0.12507400
v -0.03269240 0.02368860 -0.12500400
v -0.01581180 0.02480040 -0.11995700
v -0.02706550 0.02424740 -0.12370800
v -0.03269240 0.02405730 -0.12370800
v -0.03269240 0.02417250 -0.12183300
v -0.01581180 0.02442600 -0.11808200
v -0.00268236 0.02365980 -0.11468300
v 0.00667459 0.02342940 -0.11372200
v 0.02167960 0.02363100 -0.11476000
v 0.02543090 0.02471980 -0.11995700
v 0.00855022 0.02501930 -0.12183300
v 0.02355520 0.02495020 -0.12183300
v 0.01230150 0.02476010 -0.12370800
v 0.01042580 0.02407460 -0.12558300
v 0.00480956 0.02410340 -0.12558300
v 0.00480956 0.02356760 -0.12660500
v 0.00293393 0.02356760 -0.12660200
v -0.00081733 0.02355610 -0.12659000
v -0.00783239 0.02351580 -0.12654400
v -0.00840462 0.02390180 -0.12576400
v -0.01581180 0.02341790 -0.12641200
v -0.02331430 0.02328540 -0.12623100
v -0.01768740 0.02338330 -0.12637000
v -0.02894120 0.02317590 -0.12607300
v -0.03456800 0.02364830 -0.12492700
v -0.03081680 0.02313560 -0.12601100
v -0.03269240 0.02393060 -0.11995700
v -0.03456800 0.02396510 -0.12370800
v -0.03456800 0.02399390 -0.12183300
v -0.01714700 0.02360220 -0.11485300
v -0.01581180 0.02397090 -0.11620700
v -0.01018490 0.02342360 -0.11373000
v -0.00830925 0.02342940 -0.11373000
v -0.03269240 0.02362530 -0.11849900
v -0.03456800 0.02299160 -0.11620700
v 0.01230150 0.02304920 -0.11245700
v 0.02355520 0.02338910 -0.11383000
v 0.00105830 0.02306070 -0.11245700
v 0.02730650 0.02360220 -0.11483400
v 0.02730650 0.02390180 -0.11620700
v 0.02730650 0.02429350 -0.11808200
v 0.02730650 0.02461030 -0.11995700
v 0.02543090 0.02488110 -0.12183300
v 0.02355520 0.02465060 -0.12370800
v 0.02167960 0.02467940 -0.12370800
v 0.01605270 0.02473130 -0.12370800
v 0.01417710 0.02405150 -0.12558300
v 0.01417710 0.02355040 -0.12658200
v 0.01042580 0.02355610 -0.12659400
v 0.00480956 0.02255950 -0.12741200
v 0.01042580 0.02255950 -0.12741600
v 0.00293393 0.02255950 -0.12740400
v -0.00081733 0.02255950 -0.12736900
v -0.00268236 0.02255950 -0.12734600
v -0.00643362 0.02255950 -0.12729200
v -0.00840462 0.02274390 -0.12712200
v -0.01581180 0.02247890 -0.12719200
v -0.01768740 0.02245010 -0.12717600
v -0.02706550 0.02227730 -0.12706500
v -0.02894120 0.02223690 -0.12703800
v -0.03081680 0.02219660 -0.12700300
v -0.03456800 0.02209290 -0.12693300
v -0.03456800 0.02303190 -0.12586500
v -0.03644370 0.02357340 -0.12478800
v -0.03269240 0.02308380 -0.12594200
v -0.03474820 0.02368860 -0.11979500
v -0.03423950 0.02357920 -0.11868400
v -0.03742920 0.02351000 -0.12467600
v -0.03742920 0.02351000 -0.12456800
v -0.03583970 0.02366560 -0.12183300
v -0.03549000 0.02349280 -0.11906200
v -0.01581180 0.02296850 -0.11245700
v -0.01581180 0.02337180 -0.11387700
v -0.01206050 0.02341210 -0.11376500
v -0.03456800 0.02245580 -0.11433200
v -0.01206050 0.02303770 -0.11245700
v -0.01018490 0.02304920 -0.11245700
v -0.03474820 0.02340060 -0.11806700
v -0.03644370 0.02277270 -0.11620700
v -0.03644370 0.02226570 -0.11433200
v 0.02730650 0.02240980 -0.11058200
v 0.02730650 0.02298580 -0.11245700
v -0.00081733 0.01891310 -0.09933080
v 0.02730650 0.02337180 -0.11389600
v 0.02848270 0.02356760 -0.11496100
v 0.03849670 0.02332570 -0.11821400
v 0.03909010 0.02346400 -0.11920100
v 0.03849670 0.02363100 -0.11988000
v 0.03856030 0.02389020 -0.12183300
v 0.03480900 0.02412640 -0.12370800
v 0.02543090 0.02456420 -0.12370800
v 0.03668460 0.02402270 -0.12370800
v 0.03668460 0.02371740 -0.12518900
v 0.03480900 0.02376930 -0.12529000
v 0.03293340 0.02380380 -0.12537500
v 0.02730650 0.02387300 -0.12549800
v 0.02543090 0.02389600 -0.12553700
v 0.01980400 0.02397660 -0.12558300
v 0.01605270 0.02403430 -0.12558300
v 0.01605270 0.02353880 -0.12657500
v 0.01792840 0.02255950 -0.12737700
v 0.01605270 0.02255950 -0.12739200
v 0.01042580 0.02131520 -0.12828000
v 0.02167960 0.02131520 -0.12826800
v 0.01792840 0.02131520 -0.12827600
v 0.00293393 0.02124610 -0.12826100
v 0.00855022 0.02129800 -0.12827600
v 0.00105830 0.02121730 -0.12825300
v -0.00081733 0.02118850 -0.12824100
v -0.00268236 0.02115970 -0.12823000
v -0.01018490 0.02254230 -0.12724200
v -0.01018490 0.02100990 -0.12818000
v -0.01206050 0.02097540 -0.12816400
v -0.01581180 0.02090050 -0.12812900
v -0.01768740 0.02085440 -0.12811400
v -0.02706550 0.02068160 -0.12798700
v -0.02894120 0.02068160 -0.12793300
v -0.03456800 0.02068160 -0.12775500
v -0.03644370 0.02068160 -0.12763600
v -0.03644370 0.02200650 -0.12686400
v -0.03644370 0.02294550 -0.12572600
v -0.03831930 0.02179340 -0.12667500
v -0.03816030 0.02277270 -0.12541300
v -0.04002540 0.02196620 -0.12551300
v -0.04127580 0.02174150 -0.12484200
v -0.04127580 0.02174150 -0.12412800
v -0.03953790 0.02178760 -0.11620700
v -0.03831930 0.02226570 -0.11620700
v -0.03387930 0.02163780 -0.11146100
v -0.01581180 0.02239820 -0.11058200
v -0.03512970 0.02159180 -0.11160800
v -0.03452570 0.02185670 -0.11232200
v -0.03754570 0.02168390 -0.11320900
v -0.03822390 0.02184520 -0.11445200
v -0.03644370 0.02179340 -0.11285400
v 0.02730650 0.02186250 -0.10901500
v 0.03651510 0.01946030 -0.10326600
v 0.03702370 0.01971380 -0.10411900
v 0.03668460 0.02060090 -0.10683100
v 0.00293393 0.01885550 -0.09933080
v 0.03856030 0.02046840 -0.10683100
v 0.03856030 0.02103300 -0.10871000
v 0.03856030 0.02146500 -0.11024200
v -0.00268236 0.01889000 -0.09933080
v -0.00081733 0.01823330 -0.09785310
v 0.00105830 0.01822760 -0.09783000
v 0.00293393 0.01821600 -0.09781840
v 0.00480956 0.01819880 -0.09781840
v 0.01230150 0.01811810 -0.09789170
v 0.03978950 0.02165510 -0.11139200
v 0.03856030 0.02289940 -0.11620700
v 0.04043590 0.02269780 -0.11620700
v 0.04043590 0.02306070 -0.11808200
v 0.03972590 0.02357340 -0.12045100
v 0.04001200 0.02365410 -0.12183300
v 0.04025580 0.02364830 -0.12370800
v 0.03856030 0.02387870 -0.12370800
v 0.04004380 0.02356760 -0.12484200
v 0.03856030 0.02364250 -0.12503500
v 0.03668460 0.02329690 -0.12612700
v 0.03856030 0.02323350 -0.12597300
v 0.03480900 0.02333720 -0.12622700
v 0.03293340 0.02337750 -0.12631200
v 0.03105780 0.02340630 -0.12635800
v 0.02730650 0.02344670 -0.12643600
v 0.02543090 0.02346400 -0.12647400
v 0.01980400 0.02351580 -0.12654400
v 0.01792840 0.02352730 -0.12656300
v 0.01980400 0.02255950 -0.12735800
v 0.02543090 0.02129800 -0.12825300
v 0.02355520 0.02130950 -0.12826100
v 0.02355520 0.02037050 -0.12863100
v 0.01980400 0.02038200 -0.12862300
v 0.01042580 0.02037630 -0.12860800
v 0.03480900 0.02027830 -0.12862700
v 0.02918210 0.02033020 -0.12863100
v 0.02730650 0.02034750 -0.12863100
v 0.00293393 0.02030710 -0.12857700
v 0.00105830 0.02028410 -0.12856900
v 0.00667459 0.02034170 -0.12859200
v -0.00268236 0.02022650 -0.12855400
v -0.01393610 0.02000180 -0.12848100
v -0.01581180 0.01996150 -0.12846900
v -0.02518990 0.01973110 -0.12839600
v -0.02706550 0.01966770 -0.12838000
v -0.03456800 0.01921260 -0.12828000
v -0.03644370 0.01900520 -0.12823400
v -0.03816030 0.01864230 -0.12810200
v -0.03831930 0.02068160 -0.12732300
v -0.03928360 0.02163210 -0.12653200
v -0.04053400 0.02113090 -0.12609200
v -0.04124400 0.01988090 -0.12659800
v -0.04187980 0.02045120 -0.12538600
v -0.04303490 0.01977720 -0.12468000
v -0.04313020 0.01990970 -0.12370800
v -0.04315140 0.01993850 -0.12219100
v -0.04047040 0.02109630 -0.11620700
v -0.03932600 0.02166660 -0.11515800
v -0.03452570 0.02133830 -0.11073600
v -0.03269240 0.02076800 -0.10871000
v -0.03269240 0.02136130 -0.11044300
v -0.01581180 0.02186250 -0.10900000
v -0.00830925 0.01881510 -0.09933080
v -0.03644370 0.02147650 -0.11191700
v -0.03644370 0.02098690 -0.11058200
v -0.03456800 0.02061250 -0.10871000
v -0.03720660 0.01968500 -0.10790000
v -0.03652840 0.02018040 -0.10859900
v -0.03775770 0.01995570 -0.10915000
v 0.01042580 0.01869420 -0.09933080
v 0.01417710 0.01809510 -0.09793030
v 0.03293340 0.01885550 -0.10120600
v 0.03480900 0.01944300 -0.10302300
v 0.00480956 0.01881510 -0.09933080
v 0.03480900 0.01877480 -0.10120600
v 0.03668460 0.01868260 -0.10120600
v 0.03856030 0.01926450 -0.10308100
v 0.03856030 0.01966190 -0.10428100
v 0.03856030 0.01996150 -0.10521900
v 0.04043590 0.01988090 -0.10547300
v 0.04043590 0.02030710 -0.10683100
v 0.04043590 0.02085440 -0.10871000
v 0.00105830 0.01754200 -0.09689240
v 0.00293393 0.01757660 -0.09688080
v 0.00480956 0.01759960 -0.09688080
v -0.01018490 0.01812960 -0.09809620
v 0.00667459 0.01760540 -0.09689620
v 0.00855022 0.01761120 -0.09691550
v 0.01230150 0.01761120 -0.09695410
v 0.01417710 0.01760540 -0.09699270
v 0.04042530 0.02139590 -0.11069000
v 0.04231150 0.02243280 -0.11620700
v 0.04418720 0.02208140 -0.11620700
v 0.04118830 0.02342360 -0.12370800
v 0.04558590 0.02174730 -0.11620700
v 0.04688930 0.02158600 -0.11772700
v 0.04700590 0.02162060 -0.11898100
v 0.04727080 0.02173000 -0.12491900
v 0.04231150 0.02280150 -0.12558300
v 0.04057370 0.02320470 -0.12551300
v 0.04043590 0.02220240 -0.12712600
v 0.03856030 0.02229460 -0.12718400
v 0.04231150 0.02207560 -0.12703400
v 0.03668460 0.02235790 -0.12722300
v 0.03480900 0.02239820 -0.12725000
v 0.03293340 0.02244430 -0.12726500
v 0.03105780 0.02246740 -0.12728100
v 0.02543090 0.02253070 -0.12731500
v 0.02918210 0.02126920 -0.12823000
v 0.03480900 0.01880940 -0.12906700
v 0.02543090 0.01880940 -0.12904000
v 0.02355520 0.01880940 -0.12903200
v 0.03480900 0.02121730 -0.12818700
v 0.03668460 0.02024380 -0.12861900
v 0.03856030 0.01880940 -0.12904400
v 0.03668460 0.01880940 -0.12905900
v 0.02167960 0.01880940 -0.12902100
v 0.01230150 0.01880940 -0.12895100
v 0.00480956 0.01880940 -0.12889300
v -0.00081733 0.01880940 -0.12883900
v -0.01393610 0.01880940 -0.12870000
v -0.02706550 0.01873450 -0.12855400
v -0.03269240 0.01836580 -0.12850400
v -0.03456800 0.01827360 -0.12848100
v -0.03644370 0.01806630 -0.12844200
v -0.03742920 0.01790500 -0.12840300
v -0.03865840 0.01693140 -0.12829500
v -0.04019490 0.01693140 -0.12790900
v -0.04019490 0.01880940 -0.12747700
v -0.04002540 0.02057790 -0.12679400
v -0.04156190 0.01880940 -0.12681400
v -0.04284410 0.01749020 -0.12636200
v -0.04250500 0.01880940 -0.12595700
v -0.04325740 0.01880940 -0.12502000
v -0.04480450 0.01575630 -0.12430600
v -0.04453960 0.01684500 -0.12369200
v -0.04370250 0.01880940 -0.12370800
v -0.04459260 0.01713880 -0.12183300
v -0.04360710 0.01898800 -0.12167400
v -0.04350110 0.01859050 -0.11995700
v -0.04326800 0.01826210 -0.11808200
v -0.04150890 0.02015740 -0.11620700
v -0.04126520 0.01990970 -0.11493800
v -0.04016310 0.02065850 -0.11442500
v -0.03942140 0.01988660 -0.11122600
v -0.03836170 0.02023800 -0.11059300
v -0.03269240 0.02008820 -0.10695900
v -0.01018490 0.01870570 -0.09933080
v -0.03595620 0.01987510 -0.10748000
v -0.03456800 0.02000180 -0.10718300
v -0.03652840 0.01937390 -0.10684700
v -0.03900810 0.01956400 -0.10997600
v -0.03836170 0.01928170 -0.10859900
v -0.03767290 0.01808930 -0.10552300
v -0.03710070 0.01770330 -0.10427300
v -0.03585030 0.01803170 -0.10374500
v 0.02167960 0.01751320 -0.09721650
v 0.02355520 0.01748440 -0.09726660
v 0.02543090 0.01793380 -0.09826210
v 0.02730650 0.01789920 -0.09833150
v 0.03105780 0.01821600 -0.09944660
v 0.03293340 0.01818720 -0.09956620
v 0.03668460 0.01808350 -0.09990570
v 0.03856030 0.01850980 -0.10120600
v 0.03480900 0.01814110 -0.09972820
v 0.04043590 0.01906860 -0.10308100
v 0.04043590 0.01958130 -0.10453600
v 0.04182410 0.01980600 -0.10570900
v 0.04239630 0.02003060 -0.10669600
v 0.04231150 0.02060090 -0.10871000
v -0.00081733 0.01749020 -0.09691170
v 0.02727470 0.01176990 -0.08992040
v 0.02915030 0.01183900 -0.08992040
v 0.03105780 0.01185630 -0.08992040
v -0.01302480 0.01600970 -0.09650650
v -0.01206050 0.01609040 -0.09644870
v -0.01018490 0.01709850 -0.09715860
v -0.03269240 0.01919530 -0.10495600
v -0.03269240 0.01830820 -0.10322400
v -0.03269240 0.01778400 -0.10228600
v -0.03269240 0.01700630 -0.10120600
v -0.03392160 0.01605580 -0.10020300
v 0.03293340 0.01183900 -0.08992040
v 0.02167960 0.01657430 -0.09583910
v 0.02355520 0.01655120 -0.09586990
v 0.04231150 0.02106180 -0.11058200
v 0.04418720 0.02175880 -0.11482600
v 0.04522560 0.02164940 -0.11515400
v 0.04722840 0.02170700 -0.12370800
v 0.05710460 0.01841770 -0.11433200
v 0.04994120 0.02038200 -0.12369200
v 0.04940080 0.02019190 -0.12525900
v 0.04806560 0.02080250 -0.12571400
v 0.04660320 0.02140740 -0.12616900
v 0.04535280 0.02171270 -0.12663600
v 0.05673370 0.01823910 -0.11620700
v 0.04418720 0.02187980 -0.12683700
v 0.04231150 0.02101570 -0.12797100
v 0.04043590 0.02108480 -0.12806400
v 0.03856030 0.02113670 -0.12812200
v 0.04418720 0.02083710 -0.12777400
v 0.03668460 0.02118270 -0.12816000
v 0.04231150 0.01693140 -0.12930200
v 0.03480900 0.01693140 -0.12927900
v 0.03856030 0.02020340 -0.12861200
v 0.04043590 0.01880940 -0.12902100
v 0.02543090 0.01693140 -0.12922100
v -0.02706550 0.01693140 -0.12868500
v -0.02894120 0.01859620 -0.12853800
v -0.02894120 0.01693140 -0.12865800
v -0.03456800 0.01693140 -0.12856500
v -0.03644370 0.01693140 -0.12852300
v -0.03772590 0.01693140 -0.12844600
v -0.03903990 0.01560650 -0.12836500
v -0.04005720 0.01501310 -0.12817600
v -0.04207060 0.01318130 -0.12768600
v -0.04207060 0.01505920 -0.12741900
v -0.04216590 0.01689110 -0.12700700
v -0.04308790 0.01624010 -0.12659400
v -0.04357530 0.01689110 -0.12567600
v -0.04500590 0.01450620 -0.12484600
v -0.04575820 0.01318130 -0.12370800
v -0.04516480 0.01510530 -0.12369200
v -0.04494230 0.01615950 -0.12305600
v -0.04496350 0.01619980 -0.12183300
v -0.04493170 0.01610760 -0.12072100
v -0.04446540 0.01681040 -0.12004200
v -0.04309840 0.01803750 -0.11687100
v -0.04248380 0.01871720 -0.11623000
v -0.04168910 0.01889000 -0.11432000
v -0.04138180 0.01826210 -0.11245700
v -0.04118040 0.01793950 -0.11140700
v -0.04098970 0.01956980 -0.11368800
v -0.03962270 0.01827360 -0.10871000
v -0.03934720 0.01796260 -0.10761900
v -0.03269240 0.01969080 -0.10602100
v -0.03456800 0.01897070 -0.10495600
v -0.03456800 0.01958710 -0.10624500
v -0.03830870 0.01839460 -0.10692800
v -0.03740800 0.01602120 -0.10211300
v -0.03892330 0.01753050 -0.10636800
v -0.03646490 0.01728280 -0.10310400
v -0.03644370 0.01632660 -0.10171500
v -0.03517210 0.01591180 -0.10035300
v -0.03456800 0.01764570 -0.10251800
v -0.03456800 0.01819300 -0.10345500
v 0.02543090 0.01744990 -0.09732450
v 0.02845100 0.01787620 -0.09837780
v 0.02970140 0.01785310 -0.09843960
v 0.03105780 0.01781860 -0.09850900
v 0.03856030 0.01151640 -0.08992040
v 0.03856030 0.01796830 -0.10011400
v 0.03293340 0.01774940 -0.09862860
v 0.03480900 0.01762270 -0.09879070
v 0.03956700 0.01788770 -0.10024900
v 0.04028750 0.01822180 -0.10114400
v 0.04231150 0.01881510 -0.10308100
v 0.04239630 0.01951220 -0.10503300
v 0.04307450 0.01971960 -0.10597900
v 0.04377390 0.01990970 -0.10722900
v 0.04714370 0.01979440 -0.10952500
v 0.02543090 0.01162010 -0.08992040
v -0.01488980 0.01225960 -0.09463520
v -0.01206050 0.01505920 -0.09583130
v -0.03286200 0.01493820 -0.09900670
v -0.03360370 0.01411450 -0.09840100
v -0.03286200 0.01336560 -0.09780290
v -0.03269240 0.01163740 -0.09678430
v -0.03455740 0.01660310 -0.10107100
v 0.03480900 0.01179870 -0.08992040
v 0.02543090 0.01651090 -0.09592010
v 0.05694570 0.01821600 -0.11302000
v 0.05828090 0.01629770 -0.11334000
v 0.05798420 0.01692570 -0.11420900
v 0.04886030 0.01973110 -0.12650900
v 0.05065120 0.01962160 -0.12430600
v 0.04760990 0.02015740 -0.12687500
v 0.04586140 0.02057790 -0.12738100
v 0.04513030 0.01974840 -0.12840000
v 0.05645820 0.01797980 -0.11729100
v 0.04418720 0.01989810 -0.12848400
v 0.04231150 0.02007670 -0.12857300
v 0.04043590 0.02014580 -0.12859200
v 0.04231150 0.01880940 -0.12899400
v 0.04418720 0.01693140 -0.12921000
v 0.04418720 0.01505920 -0.12929800
v 0.04231150 0.01505920 -0.12933300
v 0.02543090 0.01505920 -0.12919000
v -0.03831930 0.00943110 -0.12853800
v -0.03831930 0.01130330 -0.12856200
v -0.03644370 0.01505920 -0.12855800
v -0.03831930 0.01318130 -0.12854200
v -0.03838290 0.01501310 -0.12848100
v -0.03933660 0.01435640 -0.12841500
v -0.04042810 0.01318130 -0.12823400
v -0.04207060 0.01130330 -0.12787100
v -0.04394620 0.00755314 -0.12743100
v -0.04394620 0.00943110 -0.12722700
v -0.04403100 0.01116500 -0.12694100
v -0.04354350 0.01318130 -0.12691000
v -0.04326800 0.01505920 -0.12673300
v -0.04489990 0.01044500 -0.12654000
v -0.04470920 0.01169500 -0.12634300
v -0.04448660 0.01318130 -0.12606900
v -0.04429590 0.01510530 -0.12551700
v -0.04520720 0.01318130 -0.12513200
v -0.04677550 0.00853820 -0.12466500
v -0.04661660 0.00978825 -0.12408600
v -0.04638340 0.01114780 -0.12355700
v -0.04677550 0.01042190 -0.12283200
v -0.04535560 0.01505920 -0.12183300
v -0.04476210 0.01565260 -0.11947100
v -0.04389320 0.01693140 -0.11808200
v -0.04594900 0.01318130 -0.12183300
v -0.04675430 0.01035860 -0.12100300
v -0.04512240 0.01503620 -0.12004200
v -0.04289710 0.01759390 -0.11562100
v -0.04334220 0.01695450 -0.11623000
v -0.04125460 0.01622860 -0.10935500
v -0.04090490 0.01747870 -0.11015300
v -0.03971810 0.01691990 -0.10692800
v -0.03945320 0.01628050 -0.10551600
v -0.03910350 0.01576200 -0.10426600
v -0.03873260 0.01510530 -0.10301600
v -0.03773650 0.01490370 -0.10137600
v -0.03742920 0.01417780 -0.10022200
v -0.03644370 0.01550280 -0.10077800
v -0.03644370 0.01456960 -0.09988640
v -0.03456800 0.01393590 -0.09852060
v 0.02730650 0.01739230 -0.09739400
v 0.04040410 0.01119960 -0.08992040
v 0.03668460 0.01170080 -0.08992040
v 0.04043590 0.01119380 -0.08992040
v 0.04369970 0.01799710 -0.10196200
v 0.04231150 0.01815270 -0.10169600
v 0.04418720 0.01920110 -0.10495600
v 0.04427190 0.01836000 -0.10294600
v 0.04606280 0.01878630 -0.10495600
v 0.02539910 0.01161440 -0.08992040
v -0.03390040 0.01051990 -0.09645250
v -0.01393610 0.01130330 -0.09415300
v 0.02353410 0.01124570 -0.08992040
v 0.02355520 0.01125140 -0.08992040
v -0.03456800 0.01299690 -0.09790330
v -0.03453630 0.01121110 -0.09693480
v 0.02730650 0.01645330 -0.09599340
v 0.05092670 0.01613070 -0.10387600
v 0.04800200 0.00780660 -0.08992040
v 0.04912530 0.00686762 -0.08992040
v 0.05022730 0.00549084 -0.08992040
v 0.05076780 0.00476500 -0.08992040
v 0.04792780 0.01821030 -0.10495600
v 0.04855300 0.01772640 -0.10433100
v 0.05821730 0.00261053 -0.10608700
v 0.05830210 0.00136047 -0.10579000
v 0.05863060 0.00005281 -0.10683100
v 0.05900140 0.00943110 -0.11433200
v 0.05930870 0.00755314 -0.11620700
v 0.05828090 0.01629770 -0.11350200
v 0.05123400 0.00396427 -0.08992040
v 0.05230430 0.00179252 -0.08992040
v 0.05263280 0.00100332 -0.08992040
v 0.05286590 0.00020259 -0.08992040
v 0.05332160 -0.00181939 -0.08992040
v 0.05883190 0.00954055 -0.11633500
v 0.05848220 0.00899329 -0.11756500
v 0.05718940 0.01693140 -0.11620700
v 0.04795960 0.01882670 -0.12749300
v 0.04638070 0.01917810 -0.12812600
v 0.04999420 0.01905130 -0.12581100
v 0.05059820 0.01749020 -0.12636600
v 0.04934780 0.01848100 -0.12686400
v 0.05111740 0.01837160 -0.12511600
v 0.04704830 0.01792800 -0.12841900
v 0.04588260 0.01865380 -0.12853500
v 0.04418720 0.01880940 -0.12884300
v 0.05599200 0.01128030 -0.12174000
v 0.05459320 0.01434490 -0.12290900
v 0.05268580 0.01611920 -0.12471900
v 0.05236790 0.01736920 -0.12411300
v 0.04606280 0.01693140 -0.12885100
v 0.04606280 0.01505920 -0.12899000
v 0.04606280 0.01318130 -0.12902500
v 0.04606280 0.00943110 -0.12906300
v 0.04606280 0.00755314 -0.12907100
v 0.04418720 0.01318130 -0.12927500
v 0.04418720 0.01130330 -0.12924100
v 0.04418720 0.00943110 -0.12920200
v 0.04418720 0.00755314 -0.12916000
v -0.02894120 -0.02244810 -0.12768600
v -0.03831930 -0.01682000 -0.12775500
v -0.04019490 -0.01494210 -0.12777400
v -0.03977110 0.00755314 -0.12845000
v -0.03984520 0.00943110 -0.12848800
v -0.03970750 0.01130330 -0.12848400
v -0.03949550 0.01318130 -0.12845000
v -0.04065060 0.01130330 -0.12829900
v -0.04207060 0.00943110 -0.12799800
v -0.04394620 0.00568094 -0.12755800
v -0.04554630 0.00380298 -0.12692200
v -0.04539790 0.00568094 -0.12686400
v -0.04522840 0.00755314 -0.12677500
v -0.04501650 0.00943110 -0.12663200
v -0.04633050 0.00568094 -0.12607700
v -0.04616090 0.00755314 -0.12578700
v -0.04689210 0.00755314 -0.12485000
v -0.04536620 0.01116500 -0.12566400
v -0.04766570 0.00568094 -0.12370800
v -0.04726300 0.00755314 -0.12370800
v -0.04688150 0.00926980 -0.12355700
v -0.04792000 0.00568094 -0.12183300
v -0.04748550 0.00755314 -0.12183300
v -0.04677550 0.01042190 -0.12225300
v -0.04498470 0.01440250 -0.11868800
v -0.04459260 0.01503620 -0.11807100
v -0.04655300 0.01114780 -0.12170900
v -0.04621390 0.01130330 -0.11995700
v -0.04567350 0.01318130 -0.11995700
v -0.04696630 0.00960968 -0.12170900
v -0.04765510 0.00568094 -0.11995700
v -0.04692390 0.00910850 -0.12034700
v -0.04314080 0.01634380 -0.11484900
v -0.04293950 0.01579660 -0.11359900
v -0.04269580 0.01695450 -0.11426600
v -0.04403100 0.01505920 -0.11620700
v -0.04148770 0.01504770 -0.10872200
v -0.04098970 0.01566410 -0.10810500
v -0.04058700 0.01688530 -0.10872200
v -0.04215530 0.01505920 -0.11058200
v -0.03979230 0.01510530 -0.10491800
v -0.03947430 0.01451200 -0.10359400
v -0.03914580 0.01387830 -0.10234400
v -0.03718540 0.01199460 -0.09853600
v -0.03651780 0.01322730 -0.09892190
v -0.03872200 0.01322160 -0.10122100
v -0.03773650 0.01318130 -0.09987100
v -0.03593500 0.01262820 -0.09815400
v 0.04231150 0.01071570 -0.08992040
v 0.04495010 0.01780700 -0.10223200
v 0.04606280 0.01816990 -0.10348200
v 0.04730260 0.01797980 -0.10384100
v -0.03515090 0.01009930 -0.09661070
v -0.03453630 0.00945990 -0.09625190
v -0.03456800 0.00755314 -0.09568860
v -0.03269240 0.00943110 -0.09595090
v -0.01501700 0.00678121 -0.09272540
v -0.01393610 0.00943110 -0.09345850
v 0.02179620 0.01061200 -0.08992040
v -0.00755688 0.00303105 -0.09083090
v 0.04603100 0.00913154 -0.08992040
v 0.04606280 0.00911426 -0.08992040
v 0.04709070 0.00853244 -0.08992040
v 0.04427190 0.01000140 -0.08992040
v 0.05835500 0.00005281 -0.10563500
v 0.05874710 -0.00181939 -0.10683100
v 0.05912860 0.00755314 -0.11433200
v 0.05891670 -0.00181939 -0.10871000
v 0.05890610 -0.00369735 -0.10871000
v 0.05929820 0.00568094 -0.11620700
v 0.05837620 -0.00181939 -0.11949400
v 0.05809010 -0.00181939 -0.12043200
v 0.05863060 0.00755314 -0.11783500
v 0.05334280 -0.00369735 -0.08992040
v 0.05841860 -0.00369735 -0.10542300
v 0.05840800 -0.00181939 -0.10545800
v 0.05657480 0.00943110 -0.12131600
v 0.05084190 0.01624010 -0.12659400
v 0.04990940 0.01689110 -0.12705700
v 0.04819270 0.01693140 -0.12807200
v 0.04724960 0.01693140 -0.12850000
v 0.05610850 0.00943110 -0.12225300
v 0.05478390 0.01318130 -0.12313700
v 0.05285530 0.01505920 -0.12488100
v 0.04749340 0.01505920 -0.12858500
v 0.04760990 0.01318130 -0.12861200
v 0.04784300 0.00943110 -0.12865800
v 0.04810800 0.00751281 -0.12861600
v 0.04793840 0.00568094 -0.12867000
v 0.04793840 0.00380298 -0.12868100
v 0.04793840 0.00193078 -0.12867000
v 0.04606280 0.00380298 -0.12901300
v 0.04606280 0.00193078 -0.12896700
v 0.04418720 0.00005281 -0.12892800
v 0.03946100 -0.01615180 -0.12840700
v 0.02918210 -0.02619830 -0.12802500
v -0.02706550 -0.02432030 -0.12750100
v -0.03081680 -0.02244810 -0.12765900
v -0.03831930 -0.01869220 -0.12767400
v -0.04019490 -0.01306990 -0.12782800
v -0.04019490 -0.01682000 -0.12767400
v -0.04207060 -0.01306990 -0.12763200
v -0.04207060 -0.01119190 -0.12769300
v -0.04207060 0.00005281 -0.12803300
v -0.04070360 0.00755314 -0.12835700
v -0.04078830 0.00943110 -0.12834200
v -0.04207060 0.00755314 -0.12807500
v -0.04394620 0.00380298 -0.12763600
v -0.04571580 0.00193078 -0.12696800
v -0.04675430 0.00089963 -0.12651300
v -0.04665900 0.00193078 -0.12643600
v -0.04648940 0.00380298 -0.12627400
v -0.04726300 0.00380298 -0.12533600
v -0.04709340 0.00568094 -0.12513900
v -0.04801530 0.00380298 -0.12370800
v -0.04866170 0.00114733 -0.12285900
v -0.04828030 0.00380298 -0.12183300
v -0.04868290 0.00127406 -0.12070200
v -0.04516480 0.01319850 -0.11807100
v -0.04480450 0.01383220 -0.11743800
v -0.04498470 0.01258220 -0.11681700
v -0.04753850 0.00380298 -0.11808200
v -0.04687090 0.00518552 -0.11678200
v -0.04708280 0.00575582 -0.11798600
v -0.04690270 0.00714989 -0.11854500
v -0.04712520 0.00769139 -0.11981900
v -0.04804710 0.00380298 -0.11995700
v -0.04612910 0.00755314 -0.11620700
v -0.04558870 0.00755314 -0.11433200
v -0.04512240 0.00938501 -0.11435100
v -0.04295010 0.01392440 -0.11170500
v -0.04275930 0.01512830 -0.11238000
v -0.04338460 0.01512830 -0.11426600
v -0.04315140 0.01454650 -0.11295500
v -0.04403100 0.01318130 -0.11433200
v -0.04338460 0.01325040 -0.11238000
v -0.04461380 0.01319850 -0.11619900
v -0.04125460 0.01441400 -0.10748300
v -0.04213410 0.01318130 -0.10871000
v -0.04071420 0.01504770 -0.10684700
v -0.04098970 0.01371700 -0.10623000
v -0.03973930 0.01322160 -0.10301600
v -0.03941080 0.01262820 -0.10185400
v -0.03905050 0.01170650 -0.10060400
v -0.03651780 0.01134360 -0.09781840
v -0.03758810 0.01074450 -0.09820810
v -0.03831930 0.01122840 -0.09937710
v 0.04335000 0.01039310 -0.08992040
v -0.03642250 0.00945990 -0.09695020
v -0.03577610 0.00884927 -0.09640240
v -0.03644370 0.00568094 -0.09577730
v -0.03456800 0.00568094 -0.09521400
v -0.03269240 0.00755314 -0.09541850
v 0.01983580 0.00940805 -0.08992040
v -0.00643362 0.00193078 -0.09052610
v -0.00643362 0.00005281 -0.09022900
v -0.00643362 -0.00181939 -0.09011710
v -0.03396400 0.00314050 -0.09458890
v -0.03457860 0.00194806 -0.09449250
v 0.05877890 -0.00369735 -0.10683100
v 0.05885310 -0.00931971 -0.11433200
v 0.05870470 -0.00556955 -0.10683100
v 0.05848220 -0.01869220 -0.11433200
v 0.05901200 -0.00181939 -0.11620700
v 0.05834440 -0.00327106 -0.11944400
v 0.05818550 -0.00381832 -0.12002300
v 0.05743310 -0.00369735 -0.12183300
v 0.05731660 -0.00181939 -0.12183300
v 0.05633110 0.00568094 -0.12269700
v 0.05682910 0.00568094 -0.12175900
v 0.05673370 0.00755314 -0.12160900
v 0.05334280 -0.00373191 -0.08992040
v 0.05837620 -0.00556955 -0.10552300
v 0.05306730 0.01318130 -0.12506600
v 0.05094790 0.01505920 -0.12667900
v 0.04981400 0.01505920 -0.12742300
v 0.04842590 0.01505920 -0.12820700
v 0.05623570 0.00755314 -0.12254600
v 0.05501710 0.01130330 -0.12334900
v 0.05399980 0.01318130 -0.12407400
v 0.04854240 0.01318130 -0.12826400
v 0.04865900 0.01130330 -0.12831800
v 0.04877560 0.00943110 -0.12836100
v 0.04884970 0.00810615 -0.12838800
v 0.04889210 0.00685610 -0.12840300
v 0.04894510 0.00380298 -0.12842700
v 0.04894510 0.00193078 -0.12842700
v 0.04893450 0.00005281 -0.12841900
v 0.04891330 -0.00181939 -0.12841100
v 0.04889210 -0.00291966 -0.12840300
v 0.04793840 -0.00181939 -0.12860400
v 0.04726020 -0.00931971 -0.12845000
v 0.04606280 -0.00181939 -0.12884300
v 0.04514090 -0.01590990 -0.12840000
v 0.04418720 -0.00931971 -0.12862700
v 0.04418720 -0.00181939 -0.12887000
v 0.03968350 -0.01615180 -0.12840700
v 0.03480900 -0.02619830 -0.12804800
v 0.03293340 -0.02619830 -0.12804500
v 0.03105780 -0.02619830 -0.12803700
v 0.03668460 -0.02807050 -0.12784800
v 0.03293340 -0.02807050 -0.12782100
v 0.03105780 -0.02807050 -0.12780500
v -0.02894120 -0.02432030 -0.12747400
v -0.03456800 -0.02244810 -0.12755800
v -0.03831930 -0.02057020 -0.12757400
v -0.04019490 -0.01869220 -0.12753900
v -0.04207060 -0.01494210 -0.12752000
v -0.04394620 -0.00931971 -0.12737700
v -0.04394620 -0.00744175 -0.12748100
v -0.04394620 -0.00556955 -0.12753900
v -0.04207060 0.00193078 -0.12807900
v -0.04394620 0.00005281 -0.12769300
v -0.04207060 0.00380298 -0.12809500
v -0.04207060 0.00568094 -0.12810600
v -0.04394620 0.00193078 -0.12768600
v -0.04600200 0.00018531 -0.12691800
v -0.04679670 -0.00035043 -0.12655500
v -0.04740070 0.00018531 -0.12576800
v -0.04741130 0.00193078 -0.12549800
v -0.04846040 0.00005281 -0.12404700
v -0.04836500 0.00183284 -0.12357300
v -0.04872530 0.00005281 -0.12311000
v -0.04885250 0.00005281 -0.12183300
v -0.04868290 0.00132015 -0.12183300
v -0.04854520 0.00225913 -0.12183300
v -0.04875710 0.00005281 -0.12031600
v -0.04854520 0.00005281 -0.11937900
v -0.04840740 0.00191349 -0.12003100
v -0.04478330 0.00998411 -0.11373800
v -0.04460320 0.01129750 -0.11435100
v -0.04789880 0.00193078 -0.11808200
v -0.04699810 0.00376265 -0.11617600
v -0.04668020 0.00436175 -0.11553200
v -0.04602320 0.00568094 -0.11433200
v -0.04505880 0.00739184 -0.11252600
v -0.04494230 0.00873406 -0.11320200
v -0.04293950 0.01198880 -0.10986000
v -0.04275930 0.01325040 -0.11052400
v -0.04399920 0.01130330 -0.11245700
v -0.04144530 0.01312940 -0.10684700
v -0.04200700 0.01130330 -0.10683100
v -0.04068240 0.01312940 -0.10503700
v -0.04121220 0.01246690 -0.10571300
v -0.04094730 0.01163740 -0.10446200
v -0.04057640 0.01113050 -0.10326200
v -0.03958030 0.01117080 -0.10122100
v -0.03928360 0.01045650 -0.10021800
v -0.03881730 0.00943110 -0.09900670
v -0.03741860 0.00670056 -0.09649110
v -0.03702650 0.00795062 -0.09670720
v -0.03909290 0.00798518 -0.09863630
v -0.03787420 0.00943110 -0.09792640
v -0.03642250 0.00741488 -0.09625190
v -0.03763050 0.00568094 -0.09634060
v -0.03644370 0.00380298 -0.09531820
v -0.03521440 0.00258172 -0.09469310
v -0.03457860 0.00377993 -0.09481660
v 0.01774820 0.00774324 -0.08992040
v -0.03456800 0.00005281 -0.09423780
v -0.03456800 -0.00181939 -0.09414520
v -0.03456800 -0.00369735 -0.09411440
v -0.01393610 -0.00369735 -0.09116280
v -0.00643362 -0.00369735 -0.09009790
v 0.01403930 0.00401036 -0.08992040
v 0.01545930 0.00564061 -0.08992040
v 0.01578780 0.00597473 -0.08992040
v 0.01741970 0.00744944 -0.08992040
v -0.03571250 0.00133167 -0.09458510
v 0.05840800 -0.01869220 -0.11560100
v 0.05831270 -0.00703274 -0.10568900
v 0.05847160 -0.00756848 -0.10668500
v 0.05831270 -0.01990770 -0.11330600
v 0.05836560 -0.02019570 -0.11433200
v 0.05834440 -0.02011510 -0.11546300
v 0.05769800 -0.00931971 -0.11995700
v 0.05732720 -0.00556955 -0.12183300
v 0.05652180 -0.00744175 -0.12295200
v 0.05656420 -0.00369735 -0.12297500
v 0.05654300 -0.00181939 -0.12296700
v 0.05650060 0.00005281 -0.12291300
v 0.05636280 0.00452881 -0.12275500
v 0.05530320 0.00755314 -0.12354200
v 0.05517600 0.00943110 -0.12345700
v 0.05457200 0.00193078 -0.12470700
v 0.05316260 -0.00560411 -0.08992040
v 0.05412690 0.01130330 -0.12428700
v 0.05319440 0.01130330 -0.12517400
v 0.05201820 0.01318130 -0.12600300
v 0.05212410 0.01130330 -0.12611200
v 0.05107510 0.01318130 -0.12676400
v 0.04981400 0.01318130 -0.12757000
v 0.04981400 0.01130330 -0.12769300
v 0.04981400 0.00943110 -0.12780100
v 0.04963390 0.00751281 -0.12798700
v 0.04984580 0.00568094 -0.12794000
v 0.04987760 0.00380298 -0.12797900
v 0.04988820 0.00193078 -0.12800600
v 0.04987760 0.00005281 -0.12802900
v 0.04985640 -0.00181939 -0.12804800
v 0.04876500 -0.00416972 -0.12837600
v 0.04806560 -0.00360518 -0.12852700
v 0.04963390 -0.00360518 -0.12810200
v 0.04981400 -0.00931971 -0.12778600
v 0.04710130 -0.01058130 -0.12841500
v 0.04606280 -0.00931971 -0.12857300
v 0.04819270 -0.00931971 -0.12825300
v 0.04588260 -0.01664720 -0.12823400
v 0.04418720 -0.02619830 -0.12784800
v 0.04231150 -0.02619830 -0.12801800
v 0.04043590 -0.02807050 -0.12787100
v 0.03668460 -0.02994850 -0.12734600
v 0.02730650 -0.02807050 -0.12773600
v 0.00293393 -0.02807050 -0.12723400
v -0.01956300 -0.02619830 -0.12719200
v -0.02143860 -0.02619830 -0.12714200
v -0.02331430 -0.02619830 -0.12708800
v -0.03081680 -0.02432030 -0.12740800
v -0.03644370 -0.02244810 -0.12750100
v 0.02167960 -0.02807050 -0.12762000
v -0.03831930 -0.02244810 -0.12740800
v -0.04019490 -0.02057020 -0.12738100
v -0.04207060 -0.01682000 -0.12735000
v -0.04394620 -0.01306990 -0.12710700
v -0.04394620 -0.01119190 -0.12725700
v -0.04545090 -0.00931971 -0.12681800
v -0.04559930 -0.00744175 -0.12687900
v -0.04570520 -0.00556955 -0.12691800
v -0.04679670 -0.00112811 -0.12655500
v -0.04752790 -0.00556955 -0.12551300
v -0.04847100 -0.00556955 -0.12412100
v -0.04847100 -0.00181939 -0.12414400
v -0.04875710 -0.00181939 -0.12320600
v -0.04892670 -0.00181939 -0.12183300
v -0.04881010 -0.00181939 -0.12004200
v -0.04861940 -0.00181939 -0.11910500
v -0.04819550 0.00005281 -0.11808200
v -0.04456080 0.00938501 -0.11252600
v -0.04735830 0.00193078 -0.11620700
v -0.04680730 0.00311170 -0.11511100
v -0.04645760 0.00376265 -0.11442500
v -0.04541910 0.00568094 -0.11245700
v -0.04488930 0.00665448 -0.11149200
v -0.04446540 0.00739184 -0.11075100
v -0.04474090 0.00790453 -0.11195100
v -0.04289710 0.00992651 -0.10809700
v -0.04270640 0.01134360 -0.10871800
v -0.04311960 0.01073880 -0.10934700
v -0.04261100 0.00935045 -0.10694300
v -0.04179500 0.00943110 -0.10495600
v -0.04133940 0.01113050 -0.10503700
v -0.04113800 0.01038740 -0.10400700
v -0.04086250 0.00943110 -0.10276100
v -0.04012080 0.00943110 -0.10120600
v -0.03945320 0.00943110 -0.09994430
v -0.03857360 0.00568094 -0.09721650
v -0.03929420 0.00673513 -0.09834700
v -0.03891270 0.00380298 -0.09689240
v -0.03798020 0.00380298 -0.09608980
v -0.03693110 0.00005281 -0.09478570
v -0.03638010 0.00194806 -0.09490920
v -0.03598800 0.00005281 -0.09450020
v -0.03621050 -0.00181939 -0.09445780
v -0.03628470 -0.00369735 -0.09444230
v -0.03456800 -0.00556955 -0.09414520
v -0.00830925 -0.00556955 -0.09036790
v -0.00643362 -0.00556955 -0.09011710
v 0.01472810 -0.01281060 -0.08992040
v 0.01450560 -0.01251680 -0.08992040
v 0.01356250 -0.01119190 -0.08992040
v 0.01234390 -0.00934275 -0.08992040
v 0.01148550 -0.00740142 -0.08992040
v 0.01116760 -0.00631267 -0.08992040
v 0.01096630 -0.00556955 -0.08992040
v 0.01090270 -0.00485523 -0.08992040
v 0.01084970 -0.00369735 -0.08992040
v 0.01092390 -0.00299455 -0.08992040
v 0.01107220 -0.00185971 -0.08992040
v 0.01148550 -0.00055205 -0.08992040
v 0.01170810 0.00005281 -0.08992040
v 0.01249220 0.00169459 -0.08992040
v 0.01395460 0.00390667 -0.08992040
v 0.05802650 -0.00756848 -0.10502200
v 0.05779340 -0.00931971 -0.10495600
v 0.05823850 -0.00828280 -0.10595900
v 0.05829150 -0.01059860 -0.10757600
v 0.05807950 -0.01120920 -0.10690500
v 0.05775100 -0.01306990 -0.10683100
v 0.05653240 -0.02953950 -0.11322500
v 0.05705160 -0.02807050 -0.11433200
v 0.05677610 -0.02807050 -0.11563200
v 0.05642640 -0.01615760 -0.12098000
v 0.05653240 -0.01494210 -0.12116100
v 0.05713640 -0.00744175 -0.12183300
v 0.05645820 -0.00896831 -0.12287800
v 0.05564230 -0.00744175 -0.12388900
v 0.05565290 -0.00556955 -0.12390100
v 0.05564230 -0.00369735 -0.12391200
v 0.05562110 -0.00181939 -0.12390500
v 0.05556810 0.00005281 -0.12385100
v 0.05432830 0.00755314 -0.12447900
v 0.05423290 0.00943110 -0.12439500
v 0.05463560 0.00005281 -0.12477300
v 0.05263280 0.00100908 -0.12652100
v 0.05257980 0.00225913 -0.12648600
v 0.05251620 0.00380298 -0.12643900
v 0.05345930 0.00568094 -0.12543200
v 0.05283410 -0.00753968 -0.08992040
v 0.05752850 -0.01119190 -0.10495600
v 0.05328980 0.00943110 -0.12526300
v 0.05232550 0.00755314 -0.12628500
v 0.05119160 0.01130330 -0.12683300
v 0.05128700 0.00943110 -0.12689900
v 0.05138240 0.00755314 -0.12695600
v 0.05148830 0.00568094 -0.12700300
v 0.05157310 0.00380298 -0.12703800
v 0.05184860 0.00175220 -0.12696000
v 0.05168970 0.00005281 -0.12710300
v 0.05168970 -0.00181939 -0.12715700
v 0.05168970 -0.00369735 -0.12718000
v 0.05183800 -0.00928514 -0.12691000
v 0.04981400 -0.01119190 -0.12764700
v 0.04793840 -0.01494210 -0.12793700
v 0.04793840 -0.01306990 -0.12807200
v 0.04606280 -0.01869220 -0.12806000
v 0.04781130 -0.01119770 -0.12822600
v 0.04418720 -0.02807050 -0.12758900
v 0.04231150 -0.02807050 -0.12784800
v 0.04606280 -0.02057020 -0.12791300
v 0.04606280 -0.02244810 -0.12775900
v 0.04606280 -0.02432030 -0.12758900
v 0.04606280 -0.02619830 -0.12738900
v 0.04043590 -0.02994850 -0.12733500
v 0.03856030 -0.02994850 -0.12735400
v 0.03668460 -0.03120430 -0.12675200
v 0.03480900 -0.03118700 -0.12673700
v 0.03293340 -0.03115820 -0.12671700
v 0.03293340 -0.02994850 -0.12727700
v 0.00667459 -0.02950490 -0.12679100
v -0.00268236 -0.02807050 -0.12708000
v 0.03105780 -0.02994850 -0.12723800
v 0.00855022 -0.02955670 -0.12682100
v -0.02518990 -0.02619830 -0.12702200
v -0.01581180 -0.02770180 -0.12680200
v -0.01956300 -0.02754050 -0.12673700
v -0.02143860 -0.02745990 -0.12670200
v -0.03456800 -0.02432030 -0.12726900
v -0.03644370 -0.02432030 -0.12718400
v -0.03831930 -0.02432030 -0.12703400
v -0.04019490 -0.02244810 -0.12713800
v -0.04207060 -0.01869220 -0.12715300
v -0.04363890 -0.01682000 -0.12681000
v -0.04407330 -0.01493630 -0.12686000
v -0.04496350 -0.01430840 -0.12656700
v -0.04509060 -0.01306990 -0.12664400
v -0.04528140 -0.01119190 -0.12674400
v -0.04654240 -0.00744175 -0.12638200
v -0.04664840 -0.00556955 -0.12645100
v -0.04746430 -0.00744175 -0.12544400
v -0.04821670 -0.00931971 -0.12370800
v -0.04843920 -0.00758576 -0.12363800
v -0.04868290 -0.00706155 -0.12296700
v -0.04874650 -0.00556955 -0.12318300
v -0.04875710 -0.00369735 -0.12319800
v -0.04733720 -0.00931971 -0.12533200
v -0.04718880 -0.01119190 -0.12518200
v -0.04894790 -0.00369735 -0.12183300
v -0.04879950 -0.00362246 -0.11980700
v -0.04866170 -0.00419852 -0.11891600
v -0.04833330 -0.00181939 -0.11808200
v -0.04765510 0.00005281 -0.11620700
v -0.04389320 0.00943110 -0.11058200
v -0.04704040 0.00008738 -0.11421200
v -0.04672250 0.00073257 -0.11351000
v -0.04691330 0.00193078 -0.11477200
v -0.04661660 0.00193078 -0.11383400
v -0.04580060 0.00380298 -0.11245700
v -0.04499530 0.00568094 -0.11119500
v -0.04467740 0.00568094 -0.11025800
v -0.04370250 0.00755314 -0.10871000
v -0.04305610 0.00867646 -0.10764600
v -0.04326800 0.00935045 -0.10871800
v -0.04283350 0.00755314 -0.10635700
v -0.04147710 0.00753009 -0.10302300
v -0.04104270 0.00813496 -0.10235600
v -0.04126520 0.00943110 -0.10369800
v -0.04227190 0.00755314 -0.10495600
v -0.04070360 0.00753009 -0.10130600
v -0.03965450 0.00743792 -0.09928840
v -0.04012080 0.00568094 -0.09933080
v -0.03942140 0.00568094 -0.09815400
v -0.03915640 0.00193078 -0.09663770
v -0.03964390 0.00380298 -0.09783000
v -0.03821330 0.00193078 -0.09587760
v -0.03715370 -0.00181939 -0.09471240
v -0.03849940 0.00021411 -0.09581590
v -0.03831930 -0.00181939 -0.09544940
v -0.03722780 -0.00369735 -0.09468540
v -0.03617880 -0.00556955 -0.09445780
v -0.03582910 -0.00744175 -0.09455040
v -0.03456800 -0.00744175 -0.09433430
v -0.00801254 -0.00931971 -0.09069980
v -0.00767344 -0.01081170 -0.09080390
v -0.00643362 -0.00744175 -0.09030620
v 0.02070470 -0.01780510 -0.08992040
v 0.01971920 -0.01721170 -0.08992040
v 0.01841580 -0.01627850 -0.08992040
v 0.01746210 -0.01544900 -0.08992040
v 0.01638120 -0.01449270 -0.08992040
v 0.05817490 -0.00931971 -0.10626400
v 0.05718940 -0.01306990 -0.10495600
v 0.05620390 -0.03057060 -0.11433200
v 0.05661720 -0.02963740 -0.11433200
v 0.05673370 -0.01498820 -0.10485200
v 0.05232550 -0.00910656 -0.08992040
v 0.05229370 -0.00919297 -0.08992040
v 0.05227250 -0.00924482 -0.08992040
v 0.05136120 -0.01121490 -0.08992040
v 0.05474150 -0.03293250 -0.11318200
v 0.05654300 -0.02930900 -0.11543600
v 0.05475210 -0.02244810 -0.12129600
v 0.05501710 -0.02057020 -0.12167400
v 0.05637340 -0.01021840 -0.12275900
v 0.05517600 -0.01887080 -0.12201800
v 0.05583300 -0.01679700 -0.12169400
v 0.05591780 -0.01494210 -0.12209900
v 0.05680790 -0.00948100 -0.12201400
v 0.05571640 -0.00948100 -0.12358800
v 0.05461440 -0.00931971 -0.12475000
v 0.05469920 -0.00744175 -0.12482700
v 0.05470970 -0.00556955 -0.12484200
v 0.05469920 -0.00369735 -0.12484600
v 0.05467800 -0.00181939 -0.12482300
v 0.05338520 0.00755314 -0.12534800
v 0.05272820 -0.00369735 -0.12659400
v 0.05362890 -0.00181939 -0.12576000
v 0.05242090 0.00568094 -0.12637000
v 0.05265400 -0.00863419 -0.12654400
v 0.05256920 -0.00988425 -0.12648600
v 0.05148830 -0.01119190 -0.12690600
v 0.04981400 -0.01306990 -0.12748100
v 0.04793840 -0.01682000 -0.12778600
v 0.04408120 -0.02998300 -0.12689100
v 0.04231150 -0.02994850 -0.12723000
v 0.04616880 -0.02815690 -0.12694900
v 0.04561770 -0.02937820 -0.12672500
v 0.04793840 -0.01869220 -0.12760500
v 0.04793840 -0.02057020 -0.12739600
v 0.04793840 -0.02244810 -0.12718000
v 0.04760990 -0.02619830 -0.12681400
v 0.04729200 -0.02759240 -0.12667100
v 0.04043590 -0.03114670 -0.12672500
v 0.03856030 -0.03119280 -0.12675200
v 0.03668460 -0.03214330 -0.12587200
v 0.03480900 -0.03212600 -0.12588400
v 0.03293340 -0.03209720 -0.12586100
v 0.03105780 -0.03112360 -0.12669000
v 0.00105830 -0.02930900 -0.12670600
v 0.02054580 -0.03089900 -0.12653200
v -0.00268236 -0.02919380 -0.12664000
v 0.02167960 -0.02994850 -0.12699100
v -0.02706550 -0.02619830 -0.12695300
v -0.00759926 -0.02903250 -0.12653600
v -0.02706550 -0.02721220 -0.12656700
v -0.03456800 -0.02582390 -0.12677500
v -0.03644370 -0.02569140 -0.12672900
v -0.03831930 -0.02551280 -0.12664800
v -0.03943200 -0.02535730 -0.12657100
v -0.04011020 -0.02426850 -0.12673300
v -0.04133940 -0.02361180 -0.12659800
v -0.04169970 -0.02244810 -0.12672100
v -0.04220830 -0.02066240 -0.12684800
v -0.04315140 -0.02009780 -0.12660200
v -0.04336340 -0.01869220 -0.12669800
v -0.04478330 -0.01555850 -0.12647000
v -0.04603370 -0.01306990 -0.12592200
v -0.04622450 -0.01119190 -0.12611900
v -0.04639400 -0.00931971 -0.12627000
v -0.04701930 -0.01306990 -0.12498500
v -0.04794120 -0.01119190 -0.12370800
v -0.04863000 -0.00831160 -0.12266200
v -0.04891610 -0.00556955 -0.12183300
v -0.04878890 -0.00564443 -0.11981500
v -0.04866170 -0.00506837 -0.11891600
v -0.04787760 -0.00556955 -0.11620700
v -0.04732660 -0.00556955 -0.11433200
v -0.04785640 -0.00369735 -0.11620700
v -0.04778220 -0.00181939 -0.11620700
v -0.04680730 -0.00051749 -0.11324000
v -0.04648940 0.00008738 -0.11254900
v -0.04581120 0.00005281 -0.11058200
v -0.04503770 0.00193078 -0.10923500
v -0.04616090 0.00193078 -0.11245700
v -0.04515420 0.00375689 -0.11052400
v -0.04480450 0.00435023 -0.10986000
v -0.04412630 0.00568094 -0.10871000
v -0.04319380 0.00755314 -0.10729400
v -0.04296070 0.00640101 -0.10601300
v -0.04120160 0.00688490 -0.10200100
v -0.04270640 0.00573854 -0.10501800
v -0.04192220 0.00568094 -0.10308100
v -0.04089430 0.00568094 -0.10077400
v -0.04104270 0.00426959 -0.10046100
v -0.04064000 0.00371081 -0.09948520
v -0.03982400 0.00193078 -0.09757530
v -0.03925180 0.00093995 -0.09652970
v -0.04075660 0.00193078 -0.09908780
v -0.03935780 -0.00031010 -0.09640240
v -0.03831930 -0.00369735 -0.09536830
v -0.03943200 -0.00181939 -0.09631750
v -0.03948490 -0.00369735 -0.09626350
v -0.03711130 -0.00556955 -0.09472400
v -0.03831930 -0.00556955 -0.09542620
v -0.03558530 -0.00852474 -0.09461980
v -0.03676160 -0.00744175 -0.09483590
v -0.03499190 -0.00977479 -0.09471630
v -0.03374150 -0.01033360 -0.09462750
v -0.03445150 -0.01105370 -0.09487450
v -0.03456800 -0.01306990 -0.09533750
v -0.01519710 -0.01423350 -0.09270610
v -0.00830925 -0.01306990 -0.09142510
v -0.00643362 -0.01306990 -0.09121680
v -0.00643362 -0.01186010 -0.09093510
v 0.02172200 -0.01827750 -0.08992040
v 0.05550450 -0.03182070 -0.11433200
v 0.05081010 -0.01222310 -0.08992040
v 0.05356530 -0.03300740 -0.11433200
v 0.05474150 -0.03293820 -0.11433200
v 0.05015310 -0.01313900 -0.08992040
v 0.04919940 -0.01435450 -0.08992040
v 0.04821390 -0.01527040 -0.08992040
v 0.04724960 -0.01607110 -0.08992040
v 0.04608400 -0.01679700 -0.08992040
v 0.04606280 -0.01680850 -0.08992040
v 0.04467460 -0.01755740 -0.08992040
v 0.04373150 -0.01796060 -0.08992040
v 0.04233270 -0.01844450 -0.08992040
v 0.04231150 -0.01845030 -0.08992040
v 0.04043590 -0.01892270 -0.08992040
v 0.04231150 -0.02669950 -0.10086300
v 0.04043590 -0.02691840 -0.10061600
v 0.03856030 -0.02705090 -0.10042300
v 0.03718270 -0.02711420 -0.10031100
v 0.03593230 -0.02714300 -0.10025700
v 0.03480900 -0.02714300 -0.10025300
v 0.03480900 -0.02755780 -0.10120600
v 0.03235060 -0.02713150 -0.10027600
v 0.03296520 -0.02745990 -0.10102500
v 0.05356530 -0.03292090 -0.11319400
v 0.02355520 -0.03350280 -0.11808200
v 0.02355520 -0.03377930 -0.11995700
v 0.03480900 -0.03371020 -0.12183300
v 0.05458260 -0.03282300 -0.11533900
v 0.05064060 -0.02684350 -0.12451800
v 0.05268580 -0.02538030 -0.12284700
v 0.05413750 -0.02244810 -0.12223800
v 0.05438130 -0.02057020 -0.12261200
v 0.05449780 -0.01961970 -0.12276600
v 0.05463560 -0.01836960 -0.12292100
v 0.05480510 -0.01682000 -0.12309400
v 0.05498530 -0.01494210 -0.12329900
v 0.05442360 -0.01166430 -0.12456000
v 0.05452960 -0.01041420 -0.12467200
v 0.05370310 -0.01109970 -0.12531700
v 0.05339580 -0.00928514 -0.12583400
v 0.05366070 -0.00369735 -0.12578400
v 0.05243140 -0.01119190 -0.12640100
v 0.05127640 -0.01306990 -0.12681000
v 0.04981400 -0.01494210 -0.12729600
v 0.04338180 -0.03093350 -0.12656300
v 0.04463220 -0.03063400 -0.12633500
v 0.04231150 -0.03104300 -0.12664400
v 0.04686810 -0.02884240 -0.12645900
v 0.04616880 -0.02998300 -0.12602700
v 0.04999420 -0.01696980 -0.12697200
v 0.04964450 -0.01869220 -0.12690600
v 0.04936900 -0.02057020 -0.12678700
v 0.04911470 -0.02244810 -0.12665600
v 0.04895570 -0.02366360 -0.12656700
v 0.04805500 -0.02430310 -0.12688300
v 0.04876500 -0.02491370 -0.12646300
v 0.04854240 -0.02619830 -0.12633500
v 0.04792780 -0.02815690 -0.12608500
v 0.04043590 -0.03208570 -0.12574500
v 0.03856030 -0.03213170 -0.12583000
v 0.03668460 -0.03294970 -0.12493500
v 0.03480900 -0.03296130 -0.12494600
v 0.03293340 -0.03294970 -0.12492300
v 0.03105780 -0.03292670 -0.12488500
v 0.03105780 -0.03206260 -0.12582200
v 0.01417710 -0.03162480 -0.12545200
v 0.00667459 -0.03141740 -0.12526700
v 0.00667459 -0.03043810 -0.12620800
v 0.00105830 -0.03024800 -0.12602700
v -0.00268236 -0.03013280 -0.12589200
v -0.01393610 -0.02978140 -0.12541700
v -0.01768740 -0.02962010 -0.12529400
v -0.01206050 -0.02881360 -0.12641200
v -0.02822060 -0.02716030 -0.12653600
v -0.03269240 -0.02687230 -0.12638900
v -0.03456800 -0.02676280 -0.12631600
v -0.03644370 -0.02663040 -0.12622300
v -0.03831930 -0.02644600 -0.12608800
v -0.04011020 -0.02606580 -0.12587200
v -0.04068240 -0.02486180 -0.12636600
v -0.04200700 -0.02426850 -0.12604600
v -0.04263220 -0.02244810 -0.12635800
v -0.04292890 -0.02134790 -0.12649300
v -0.04458200 -0.01682000 -0.12634700
v -0.04518600 -0.02057020 -0.12498500
v -0.04542970 -0.01869220 -0.12520900
v -0.04567350 -0.01682000 -0.12540900
v -0.04687090 -0.01456190 -0.12480000
v -0.04799420 -0.01306990 -0.12183300
v -0.04831210 -0.01119190 -0.12183300
v -0.04674370 -0.01581190 -0.12461100
v -0.04761270 -0.01306990 -0.12370800
v -0.04866170 -0.00863419 -0.12141200
v -0.04873590 -0.00758576 -0.12195600
v -0.04855580 -0.00927938 -0.12195600
v -0.04866170 -0.00863419 -0.12072500
v -0.04872530 -0.00744175 -0.12035100
v -0.04861940 -0.00631843 -0.11909300
v -0.04842860 -0.00564443 -0.11820600
v -0.04772920 -0.00744175 -0.11620700
v -0.04716760 -0.00744175 -0.11433200
v -0.04690270 -0.00556955 -0.11297800
v -0.04729480 -0.00369735 -0.11433200
v -0.04721000 -0.00181939 -0.11433200
v -0.04688150 -0.00369735 -0.11302000
v -0.04657420 -0.00369735 -0.11208300
v -0.04606550 -0.00369735 -0.11058200
v -0.04597020 -0.00181939 -0.11058200
v -0.04491050 -0.00073063 -0.10770700
v -0.04514360 -0.00003936 -0.10864100
v -0.04481510 0.00052518 -0.10797300
v -0.04469860 0.00193078 -0.10829800
v -0.04493170 0.00310018 -0.10952100
v -0.04455020 0.00375689 -0.10882200
v -0.04380840 0.00380298 -0.10683100
v -0.04337400 0.00573854 -0.10671600
v -0.04309840 0.00515096 -0.10568200
v -0.04132880 0.00568094 -0.10171100
v -0.04284410 0.00380298 -0.10442400
v -0.04228250 0.00380298 -0.10308100
v -0.04115920 0.00301953 -0.10021100
v -0.04145590 0.00371081 -0.10113300
v -0.03987700 0.00021411 -0.09727440
v -0.04090490 0.00005281 -0.09882150
v -0.04125460 0.00193078 -0.10002500
v -0.04022670 -0.00181939 -0.09745570
v -0.03947430 -0.00556955 -0.09628280
v -0.04034330 -0.00369735 -0.09745570
v -0.04034330 -0.00556955 -0.09745570
v -0.03831930 -0.00744175 -0.09565000
v -0.03937900 -0.00744175 -0.09639470
v -0.03630590 -0.00921602 -0.09495930
v -0.03644370 -0.01119190 -0.09537600
v -0.03800140 -0.01119190 -0.09610530
v -0.03644370 -0.01306990 -0.09582360
v -0.03456800 -0.01494210 -0.09590080
v -0.01393610 -0.01682000 -0.09339290
v 0.02355520 -0.01880170 -0.08992040
v -0.01393610 -0.01869220 -0.09410670
v 0.03668460 -0.03366980 -0.12183300
v 0.03856030 -0.03357770 -0.12183300
v 0.04043590 -0.03342210 -0.12183300
v 0.04043590 -0.03320900 -0.12370800
v 0.03856030 -0.01921070 -0.08992040
v 0.03668460 -0.02557620 -0.09803830
v 0.03480900 -0.02569140 -0.09783770
v 0.03293340 -0.02574900 -0.09768330
v 0.03105780 -0.02575470 -0.09757530
v 0.03296520 -0.02677440 -0.09951600
v 0.03105780 -0.02668220 -0.09933080
v 0.03105780 -0.02712000 -0.10030300
v 0.02543090 -0.03095080 -0.10949800
v 0.02543090 -0.03135980 -0.11058200
v 0.02543090 -0.03198200 -0.11245700
v 0.02590770 -0.03279420 -0.11514200
v 0.02167960 -0.03271360 -0.11543600
v 0.02167960 -0.03296700 -0.11637300
v 0.02167960 -0.03341060 -0.11808200
v 0.02167960 -0.03372740 -0.11995700
v 0.02167960 -0.03357770 -0.12183300
v 0.02355520 -0.03360070 -0.12183300
v 0.03293340 -0.03370440 -0.12183300
v 0.03480900 -0.03343940 -0.12370800
v 0.03668460 -0.03340480 -0.12370800
v 0.04227970 -0.03295550 -0.12375400
v 0.04287320 -0.03269630 -0.12441400
v 0.04606280 -0.03117550 -0.12501200
v 0.04705890 -0.03092780 -0.12469900
v 0.04902990 -0.02918230 -0.12479600
v 0.05087370 -0.02559340 -0.12476100
v 0.05288710 -0.02432030 -0.12305600
v 0.04937960 -0.02807050 -0.12508500
v 0.04993060 -0.02620980 -0.12531300
v 0.05319440 -0.02244810 -0.12334500
v 0.05344870 -0.02057020 -0.12357300
v 0.05362890 -0.01896300 -0.12377300
v 0.05386200 -0.01682000 -0.12403200
v 0.05408450 -0.01494210 -0.12423600
v 0.05428590 -0.01306990 -0.12442500
v 0.05334280 -0.01306990 -0.12531700
v 0.05221950 -0.01306990 -0.12625400
v 0.05073600 -0.01768990 -0.12651300
v 0.05088430 -0.01643980 -0.12660500
v 0.05105390 -0.01494210 -0.12670200
v 0.04408120 -0.03145780 -0.12566000
v 0.04227970 -0.03209720 -0.12543600
v 0.04779010 -0.02986210 -0.12510400
v 0.05005780 -0.02244810 -0.12605700
v 0.04967630 -0.02430310 -0.12595700
v 0.04162270 -0.03280000 -0.12471100
v 0.04043590 -0.03285760 -0.12480700
v 0.03856030 -0.03292090 -0.12489200
v 0.03293340 -0.03341640 -0.12370800
v 0.03105780 -0.03337030 -0.12370800
v 0.02918210 -0.03289210 -0.12483800
v 0.02543090 -0.03282300 -0.12473800
v 0.02355520 -0.03278850 -0.12468400
v 0.02179620 -0.03202800 -0.12540200
v 0.02249560 -0.03276540 -0.12465300
v 0.00105830 -0.03125040 -0.12508900
v -0.00081733 -0.03119280 -0.12502300
v -0.00268236 -0.03112940 -0.12495400
v -0.00455799 -0.03106600 -0.12487700
v -0.02143860 -0.02839310 -0.12608100
v -0.01768740 -0.02855440 -0.12623100
v -0.01581180 -0.02864080 -0.12629300
v -0.00830925 -0.03093930 -0.12471500
v -0.00944310 -0.03089900 -0.12466500
v -0.02331430 -0.02937820 -0.12506200
v -0.02706550 -0.02814540 -0.12582600
v -0.03269240 -0.02800710 -0.12545200
v -0.03456800 -0.02789770 -0.12537800
v -0.03644370 -0.02777670 -0.12528600
v -0.03831930 -0.02763270 -0.12515100
v -0.04019490 -0.02736770 -0.12488800
v -0.04120160 -0.02717190 -0.12468800
v -0.04192220 -0.02614070 -0.12505800
v -0.04320440 -0.02547820 -0.12481900
v -0.04354350 -0.02432030 -0.12510400
v -0.04406280 -0.02247120 -0.12535100
v -0.04385080 -0.02066240 -0.12602300
v -0.04429590 -0.01869220 -0.12614600
v -0.04500590 -0.02186060 -0.12478800
v -0.04763390 -0.01494210 -0.12183300
v -0.04753850 -0.01494210 -0.11995700
v -0.04788820 -0.01306990 -0.11995700
v -0.04682850 -0.01801250 -0.12297900
v -0.04819550 -0.01119190 -0.11995700
v -0.04661660 -0.01682000 -0.12430600
v -0.04696630 -0.01682000 -0.12336800
v -0.04715700 -0.01509180 -0.12387400
v -0.04846040 -0.00927938 -0.12004200
v -0.04856640 -0.00744175 -0.11941300
v -0.04824850 -0.00744175 -0.11808200
v -0.04750670 -0.00931971 -0.11620700
v -0.04695570 -0.00912961 -0.11429300
v -0.04676490 -0.00838073 -0.11339100
v -0.04681790 -0.00744175 -0.11322900
v -0.04658480 -0.00556955 -0.11203600
v -0.04607610 -0.00556955 -0.11058200
v -0.04539790 -0.00369735 -0.10871000
v -0.04496350 -0.00369735 -0.10756100
v -0.04393560 -0.00369735 -0.10495600
v -0.04328920 -0.00369735 -0.10335900
v -0.04323620 -0.00181939 -0.10347500
v -0.04316200 0.00005281 -0.10365600
v -0.04370250 0.00005281 -0.10495600
v -0.04451840 -0.00003936 -0.10698200
v -0.04414750 0.00193078 -0.10683100
v -0.04322560 0.00380298 -0.10536100
v -0.04296070 0.00257596 -0.10414600
v -0.04266400 0.00194230 -0.10318500
v -0.04180560 0.00193078 -0.10120600
v -0.04139240 0.00005281 -0.09975910
v -0.04098970 -0.00181939 -0.09865950
v -0.04208120 0.00005281 -0.10120600
v -0.04105330 -0.00369735 -0.09853600
v -0.04106390 -0.00556955 -0.09853600
v -0.04015250 -0.00744175 -0.09745570
v -0.03843590 -0.00923330 -0.09602040
v -0.03929420 -0.00855354 -0.09648340
v -0.03767290 -0.01306990 -0.09633290
v -0.03745040 -0.01412410 -0.09647950
v -0.03914580 -0.00980360 -0.09663000
v -0.03894450 -0.01119190 -0.09680360
v -0.03630590 -0.01482690 -0.09632130
v -0.03559590 -0.01593870 -0.09649110
v -0.03456800 -0.01617480 -0.09637540
v 0.02359760 -0.01881320 -0.08992040
v -0.01487920 -0.01963700 -0.09464300
v -0.01393610 -0.01975220 -0.09458120
v 0.03856030 -0.03333570 -0.12370800
v 0.03668460 -0.01935470 -0.08992040
v 0.03105780 -0.02516720 -0.09663770
v 0.03293340 -0.02505190 -0.09674580
v 0.02918210 -0.02522480 -0.09657600
v 0.02918210 -0.02573750 -0.09751360
v 0.02543090 -0.02522480 -0.09659140
v 0.02355520 -0.02520750 -0.09662230
v 0.02355520 -0.02563950 -0.09755990
v 0.01230150 -0.02546670 -0.09792640
v 0.02918210 -0.02662460 -0.09933080
v 0.02218830 -0.03091050 -0.10959000
v 0.02355520 -0.03191860 -0.11245700
v 0.02167960 -0.03240250 -0.11433200
v 0.00667459 -0.03209140 -0.11620700
v 0.01042580 -0.03266170 -0.11755000
v 0.00702428 -0.03279420 -0.11888100
v 0.00577386 -0.03275960 -0.11904300
v 0.01980400 -0.03349700 -0.12183300
v 0.01980400 -0.03362950 -0.11995700
v 0.00351675 -0.03278270 -0.12064000
v 0.00351675 -0.03278270 -0.12102200
v 0.02730650 -0.03324350 -0.12370800
v 0.01230150 -0.03284610 -0.12304800
v 0.01792840 -0.03297280 -0.12342600
v 0.01980400 -0.03301310 -0.12355300
v 0.05105390 -0.02432030 -0.12492300
v 0.05224070 -0.02244810 -0.12428300
v 0.05261160 -0.01955630 -0.12463000
v 0.05275990 -0.01830630 -0.12476900
v 0.05292950 -0.01682000 -0.12492700
v 0.05314140 -0.01494210 -0.12512800
v 0.05199700 -0.01494210 -0.12606500
v 0.05158370 -0.01696980 -0.12598800
v 0.05154130 -0.02057020 -0.12530500
v 0.05129760 -0.02244810 -0.12512000
v 0.02179620 -0.03299580 -0.12386200
v 0.02124510 -0.03273660 -0.12458700
v -0.02518990 -0.02929750 -0.12497700
v 0.00105830 -0.03197040 -0.12370800
v -0.01069350 -0.03085290 -0.12457600
v -0.02894120 -0.02913050 -0.12479600
v 0.01980400 -0.03270200 -0.12449100
v 0.01230150 -0.03251190 -0.12398600
v -0.03042470 -0.02906130 -0.12471100
v -0.03167510 -0.02899800 -0.12463000
v -0.03831930 -0.02862350 -0.12360000
v -0.03269240 -0.02894040 -0.12451400
v -0.03456800 -0.02883090 -0.12429400
v -0.03644370 -0.02871570 -0.12404300
v -0.04019490 -0.02805900 -0.12370800
v -0.04161490 -0.02743110 -0.12370800
v -0.04254740 -0.02679740 -0.12370800
v -0.04349050 -0.02585840 -0.12370800
v -0.04444420 -0.02429730 -0.12374300
v -0.04477270 -0.02311060 -0.12439100
v -0.04523900 -0.02247120 -0.12374300
v -0.04583240 -0.02057020 -0.12370800
v -0.04639400 -0.01866340 -0.12364600
v -0.04724180 -0.01682000 -0.12183300
v -0.04748550 -0.01306990 -0.11808200
v -0.04687090 -0.01819110 -0.12030500
v -0.04706160 -0.01698710 -0.11979200
v -0.04675430 -0.01773020 -0.11905500
v -0.04690270 -0.01648020 -0.11850300
v -0.04707220 -0.01504580 -0.11795900
v -0.04569470 -0.02244810 -0.12183300
v -0.04626690 -0.02057020 -0.12183300
v -0.04664840 -0.01921640 -0.12183300
v -0.04689210 -0.01827750 -0.12183300
v -0.04802590 -0.00931971 -0.11808200
v -0.04777160 -0.01119190 -0.11808200
v -0.04724180 -0.01119190 -0.11620700
v -0.04686030 -0.01119190 -0.11493800
v -0.04657420 -0.01119190 -0.11400000
v -0.04668020 -0.00963078 -0.11364500
v -0.04607610 -0.01119190 -0.11245700
v -0.04641520 -0.00912961 -0.11264200
v -0.04569470 -0.00931971 -0.11058200
v -0.04591720 -0.00744175 -0.11058200
v -0.04650000 -0.00744175 -0.11229100
v -0.04493170 -0.00685416 -0.10766100
v -0.04540850 -0.00556955 -0.10871000
v -0.04497410 -0.00556955 -0.10753800
v -0.04461380 -0.00556955 -0.10660000
v -0.04395680 -0.00556955 -0.10495600
v -0.04328920 -0.00556955 -0.10335500
v -0.04289710 -0.00556955 -0.10241800
v -0.04288650 -0.00369735 -0.10242100
v -0.04283350 -0.00181939 -0.10253700
v -0.04275930 0.00005281 -0.10271800
v -0.04306670 0.00132591 -0.10388000
v -0.04335280 0.00194230 -0.10484400
v -0.04146650 -0.00181939 -0.09959710
v -0.04222950 -0.00181939 -0.10120600
v -0.04153010 -0.00369735 -0.09947360
v -0.04153010 -0.00556955 -0.09947360
v -0.04144530 -0.00744175 -0.09964340
v -0.04096850 -0.00744175 -0.09870580
v -0.03979230 -0.00923330 -0.09733610
v -0.04084130 -0.00931971 -0.09893340
v -0.03974990 -0.01119190 -0.09774120
v -0.03956970 -0.01306990 -0.09799590
v -0.03861600 -0.01306990 -0.09705830
v -0.03684630 -0.01537410 -0.09670720
v -0.03831930 -0.01491900 -0.09746340
v -0.03791660 -0.01682000 -0.09798430
v -0.03940020 -0.01446390 -0.09821580
v -0.03630590 -0.01666450 -0.09711620
v -0.03456800 -0.01710810 -0.09684990
v 0.02543090 -0.01906670 -0.08992040
v -0.01206050 -0.01995380 -0.09448090
v -0.01206050 -0.02089280 -0.09499020
v -0.00558588 -0.02152070 -0.09463520
v -0.01206050 -0.02226380 -0.09592780
v -0.03447270 -0.01880170 -0.09788780
v 0.03485140 -0.01940080 -0.08992040
v 0.02543090 -0.02357150 -0.09446160
v 0.02355520 -0.02358300 -0.09444620
v 0.02543090 -0.02447010 -0.09558050
v 0.02730650 -0.02523050 -0.09656440
v 0.02355520 -0.02447010 -0.09558050
v 0.02167960 -0.02442400 -0.09558050
v 0.01605270 -0.02424550 -0.09558050
v 0.01417710 -0.02418210 -0.09558050
v 0.01230150 -0.02502890 -0.09698880
v 0.01042580 -0.02500010 -0.09705830
v 0.00667459 -0.02537450 -0.09813860
v 0.02093780 -0.03087590 -0.10967500
v 0.02160540 -0.03115820 -0.11041200
v 0.00293393 -0.02531120 -0.09828520
v 0.00150336 -0.02528240 -0.09833540
v 0.02167960 -0.03183220 -0.11245700
v 0.01095570 -0.03092200 -0.11141900
v 0.00667459 -0.03156140 -0.11433200
v 0.00105830 -0.03176310 -0.11620700
v -0.01393610 -0.03138860 -0.11808200
v -0.00268236 -0.03204530 -0.11808200
v 0.00651564 -0.03259840 -0.11818700
v -0.01581180 -0.03127340 -0.11808200
v -0.01393610 -0.03168820 -0.11995700
v -0.01206050 -0.03180340 -0.11995700
v -0.00268236 -0.03235640 -0.11995700
v 0.00480956 -0.03273080 -0.11931300
v 0.00855022 -0.03300740 -0.11995700
v 0.01417710 -0.03332420 -0.11995700
v 0.01230150 -0.03312260 -0.12183300
v 0.00810515 -0.03273660 -0.12265100
v 0.01042580 -0.03280000 -0.12289000
v -0.00081733 -0.03246590 -0.11995700
v -0.00081733 -0.03237370 -0.12183300
v 0.00291273 -0.03261560 -0.12172100
v 0.00865619 -0.03290370 -0.12194800
v 0.00667459 -0.03287490 -0.12149300
v -0.01206050 -0.03164790 -0.12183300
v -0.01018490 -0.03177460 -0.12183300
v 0.05186980 -0.01883620 -0.12539000
v -0.01393610 -0.03108910 -0.12333400
v -0.00268236 -0.03172270 -0.12370800
v 0.00667459 -0.03229300 -0.12370800
v -0.01012130 -0.03116970 -0.12385400
v -0.01393610 -0.03071460 -0.12427100
v -0.02706550 -0.02981020 -0.12370800
v -0.02894120 -0.02964320 -0.12370800
v -0.03095450 -0.02937820 -0.12388500
v -0.03269240 -0.02933780 -0.12357700
v -0.03456800 -0.02924570 -0.12335700
v -0.01581180 -0.03063970 -0.12408200
v -0.03893390 -0.02895190 -0.12227600
v -0.03768350 -0.02906130 -0.12290100
v -0.03644370 -0.02914200 -0.12310600
v -0.04003600 -0.02870420 -0.12172500
v -0.04222950 -0.02764420 -0.12187100
v -0.04296070 -0.02709120 -0.12251900
v -0.04468800 -0.02487910 -0.12183300
v -0.04500590 -0.02365210 -0.12313700
v -0.04686030 -0.01448700 -0.11682500
v -0.04695570 -0.01294890 -0.11620300
v -0.04618210 -0.02057020 -0.11995700
v -0.04662720 -0.01876710 -0.11979200
v -0.04573700 -0.02057020 -0.11808200
v -0.04623510 -0.01869220 -0.11808200
v -0.04662720 -0.01698710 -0.11795900
v -0.04673310 -0.01573700 -0.11725300
v -0.04513300 -0.02394010 -0.12183300
v -0.04511180 -0.02392860 -0.11995700
v -0.04563110 -0.02244810 -0.11995700
v -0.04677550 -0.01224030 -0.11520000
v -0.04643640 -0.01294890 -0.11447900
v -0.04577940 -0.01306990 -0.11245700
v -0.04513300 -0.01296620 -0.11053200
v -0.04542970 -0.01119190 -0.11058200
v -0.04499530 -0.01119190 -0.10936200
v -0.04512240 -0.00931971 -0.10901100
v -0.04519660 -0.00746479 -0.10857500
v -0.04477270 -0.00931971 -0.10807400
v -0.04429590 -0.00931971 -0.10683100
v -0.04458200 -0.00746479 -0.10695500
v -0.04378720 -0.00744175 -0.10495600
v -0.04320440 -0.00744175 -0.10355200
v -0.04281230 -0.00744175 -0.10261400
v -0.04218710 -0.00744175 -0.10120600
v -0.04234610 -0.00556955 -0.10120600
v -0.04234610 -0.00369735 -0.10120600
v -0.04133940 -0.00931971 -0.09987100
v -0.04122280 -0.01084630 -0.10008300
v -0.04077780 -0.01135900 -0.09940800
v -0.04040690 -0.01306990 -0.09933080
v -0.03918820 -0.01571400 -0.09847430
v -0.03753510 -0.01790880 -0.09828520
v -0.03884910 -0.01682000 -0.09880220
v -0.03985580 -0.01503420 -0.09919190
v -0.03644370 -0.01824290 -0.09806140
v 0.02547330 -0.01907240 -0.08992040
v -0.01012130 -0.02259790 -0.09594710
v -0.00830925 -0.02244810 -0.09563070
v -0.00629586 -0.02226380 -0.09527960
v -0.00455799 -0.02251730 -0.09529500
v -0.00081733 -0.02278230 -0.09512530
v -0.01070410 -0.02332380 -0.09657600
v -0.03378390 -0.01967150 -0.09836240
v -0.03503430 -0.01949870 -0.09850520
v 0.03480900 -0.01940080 -0.08992040
v 0.02167960 -0.02357150 -0.09445780
v 0.03293340 -0.01938350 -0.08992040
v 0.01980400 -0.02354270 -0.09448480
v 0.01792840 -0.02351390 -0.09451950
v 0.01605270 -0.02347930 -0.09455040
v 0.01417710 -0.02344470 -0.09458510
v 0.01261940 -0.02341020 -0.09461600
v 0.01212130 -0.02396900 -0.09539530
v 0.01042580 -0.02406110 -0.09561530
v 0.00667459 -0.02491950 -0.09720100
v 0.01980400 -0.03084710 -0.10976400
v 0.01230150 -0.03095660 -0.11129900
v 0.00293393 -0.02482730 -0.09734770
v 0.00095233 -0.02487340 -0.09761000
v -0.00268236 -0.02460840 -0.09745570
v -0.00455799 -0.02448740 -0.09745570
v -0.01393610 -0.02838730 -0.10871000
v -0.01393610 -0.02889430 -0.10998800
v 0.00105830 -0.02935510 -0.10879100
v 0.01230150 -0.02999460 -0.10871000
v 0.01230150 -0.03063400 -0.11036200
v -0.01393610 -0.02921110 -0.11092500
v -0.00081733 -0.03053610 -0.11245700
v 0.00146098 -0.03093350 -0.11325200
v 0.00667459 -0.03108910 -0.11277700
v -0.00268236 -0.03080680 -0.11365700
v -0.00268236 -0.03154420 -0.11620700
v -0.01393610 -0.03100840 -0.11672400
v -0.01581180 -0.03154420 -0.11995700
v -0.01581180 -0.03094510 -0.11693300
v -0.01764500 -0.03065130 -0.11636500
v -0.01823840 -0.03086440 -0.11728800
v -0.01764500 -0.03106030 -0.11798200
v -0.03766230 -0.02904980 -0.11887700
v -0.01393610 -0.03151540 -0.12183300
v 0.00667459 -0.03269630 -0.12243100
v -0.01581180 -0.03101420 -0.12314400
v -0.01206050 -0.03115820 -0.12350700
v -0.01768740 -0.03093350 -0.12290900
v -0.01866230 -0.03088750 -0.12277800
v -0.03831930 -0.02911320 -0.12172500
v -0.03930480 -0.02902100 -0.12102600
v -0.03081680 -0.02991970 -0.12183300
v -0.03456800 -0.02955100 -0.12183300
v -0.03644370 -0.02935510 -0.12183300
v -0.01581180 -0.03134830 -0.12183300
v -0.04003600 -0.02871570 -0.12006200
v -0.04224010 -0.02765570 -0.11989200
v -0.04306670 -0.02718910 -0.12126900
v -0.04363890 -0.02635960 -0.12187100
v -0.04364950 -0.02636540 -0.11989200
v -0.04469860 -0.02486180 -0.11995700
v -0.04601260 -0.01494210 -0.11433200
v -0.04666960 -0.01349040 -0.11557400
v -0.04518600 -0.02245970 -0.11807100
v -0.04569470 -0.01869220 -0.11620700
v -0.04499530 -0.02184900 -0.11678600
v -0.04517540 -0.02058750 -0.11618000
v -0.04616090 -0.01682000 -0.11620700
v -0.04559930 -0.01682000 -0.11433200
v -0.04498470 -0.02363480 -0.11868800
v -0.04541910 -0.01494210 -0.11245700
v -0.04499530 -0.01494210 -0.11121800
v -0.04480450 -0.01351920 -0.10987600
v -0.04491050 -0.01226910 -0.10957900
v -0.04464560 -0.01119190 -0.10842500
v -0.04404160 -0.01119190 -0.10683100
v -0.04356470 -0.00931971 -0.10495600
v -0.04309840 -0.00931971 -0.10381400
v -0.04269580 -0.00931971 -0.10287700
v -0.04196460 -0.00931971 -0.10120600
v -0.04158310 -0.01135900 -0.10102900
v -0.04112740 -0.01209630 -0.10028400
v -0.04103210 -0.01306990 -0.10047700
v -0.04083070 -0.01494210 -0.10089000
v -0.03960150 -0.01682000 -0.09973980
v -0.03936840 -0.01796060 -0.10011000
v -0.03767290 -0.01986740 -0.10003300
v -0.03644370 -0.01917610 -0.09877140
v -0.03822390 -0.01856550 -0.09944660
v -0.04057640 -0.01669330 -0.10135600
v 0.02730650 -0.01919340 -0.08992040
v 0.00105830 -0.02289170 -0.09504420
v 0.00855022 -0.02325460 -0.09475100
v 0.01042580 -0.02334100 -0.09467770
v 0.01136900 -0.02338140 -0.09464300
v -0.00945370 -0.02340440 -0.09649500
v -0.00830925 -0.02346780 -0.09643320
v -0.00643362 -0.02355990 -0.09633290
v -0.01012130 -0.02391710 -0.09730140
v -0.01206050 -0.02320280 -0.09676890
v -0.03447270 -0.02031100 -0.09921120
v -0.03644370 -0.02017270 -0.09970900
v -0.03456800 -0.02139400 -0.10041900
v 0.03110010 -0.01932590 -0.08992040
v 0.00855022 -0.02402080 -0.09568860
v 0.00480956 -0.02394010 -0.09583910
v 0.00105830 -0.02384220 -0.09598180
v -0.00081733 -0.02378460 -0.09606280
v -0.00268236 -0.02372120 -0.09614390
v -0.00455799 -0.02364640 -0.09623260
v -0.00643362 -0.02434920 -0.09745570
v -0.00830925 -0.02419360 -0.09745570
v -0.01768740 -0.02805320 -0.10871000
v -0.01581180 -0.02881360 -0.11018400
v -0.01581180 -0.02914770 -0.11112200
v -0.01581180 -0.02958550 -0.11245700
v -0.01393610 -0.02970650 -0.11245700
v -0.01581180 -0.03017310 -0.11433200
v -0.01393610 -0.03073190 -0.11578300
v -0.01581180 -0.03067430 -0.11599500
v -0.03644370 -0.02933210 -0.11995700
v -0.01768740 -0.03004060 -0.11433200
v -0.03644370 -0.02884240 -0.11770800
v -0.03829810 -0.02874450 -0.11818300
v -0.03891270 -0.02895760 -0.11950600
v -0.03829810 -0.02910740 -0.12006200
v -0.03930480 -0.02902100 -0.12075600
v -0.04019490 -0.02823180 -0.11808200
v -0.04175270 -0.02751750 -0.11808200
v -0.04297130 -0.02710270 -0.11922100
v -0.04306670 -0.02718910 -0.12047100
v -0.04352230 -0.02592180 -0.11808200
v -0.04448660 -0.02428580 -0.11807100
v -0.04479390 -0.02309910 -0.11743800
v -0.04514360 -0.01866920 -0.11433600
v -0.04496350 -0.01802400 -0.11317500
v -0.04480450 -0.02122110 -0.11553600
v -0.04505880 -0.01664140 -0.11251100
v -0.04488930 -0.01589260 -0.11151200
v -0.04466680 -0.01494210 -0.11028100
v -0.04409450 -0.01494210 -0.10871000
v -0.04335280 -0.01495930 -0.10673500
v -0.04452900 -0.01296620 -0.10885700
v -0.04374480 -0.01306990 -0.10683100
v -0.04328920 -0.01107670 -0.10487900
v -0.04293950 -0.01162400 -0.10420000
v -0.04302430 -0.01037390 -0.10398000
v -0.04261100 -0.01107670 -0.10324700
v -0.04146650 -0.01306990 -0.10141400
v -0.04220830 -0.01306990 -0.10308100
v -0.04127580 -0.01494210 -0.10182700
v -0.04115920 -0.01599050 -0.10208600
v -0.04098970 -0.01724060 -0.10244800
v -0.04073540 -0.01874980 -0.10307700
v -0.03972870 -0.01862890 -0.10123300
v -0.03944260 -0.01987890 -0.10187300
v -0.03892330 -0.01921640 -0.10062300
v -0.03756690 -0.02161860 -0.10198500
v -0.03644370 -0.02111170 -0.10075100
v -0.03881730 -0.02112900 -0.10257600
v -0.01768740 -0.02739650 -0.10722100
v -0.03456800 -0.02204490 -0.10135600
v -0.03456800 -0.02298390 -0.10282300
v -0.03456800 -0.02353110 -0.10376000
v -0.03456800 -0.02415910 -0.10495600
v -0.03456800 -0.02494830 -0.10655700
v -0.03577610 -0.02530540 -0.10767300
v -0.03456800 -0.02538030 -0.10749500
v -0.03644370 -0.02182600 -0.10169200
v -0.01868350 -0.02903250 -0.11145800
v -0.01768740 -0.02872720 -0.11042000
v -0.03456800 -0.02589880 -0.10871000
v -0.01768740 -0.02943580 -0.11245700
v -0.03644370 -0.02836430 -0.11620700
v -0.03831930 -0.02809930 -0.11620700
v -0.03966510 -0.02728710 -0.11484500
v -0.04024790 -0.02754050 -0.11616500
v -0.04137120 -0.02728130 -0.11675900
v -0.04268520 -0.02686080 -0.11808200
v -0.04323620 -0.02555310 -0.11658900
v -0.04366010 -0.02448160 -0.11606100
v -0.04333160 -0.02394590 -0.11433200
v -0.04310900 -0.02355420 -0.11315100
v -0.04460320 -0.02245970 -0.11618000
v -0.04398860 -0.02244810 -0.11433200
v -0.04478330 -0.01927400 -0.11371100
v -0.04474090 -0.01714260 -0.11192400
v -0.04398860 -0.02057020 -0.11245700
v -0.04388260 -0.01869220 -0.11058200
v -0.04460320 -0.02058750 -0.11433600
v -0.04445480 -0.01664140 -0.11076300
v -0.04368130 -0.01682000 -0.10871000
v -0.04317260 -0.01682000 -0.10734800
v -0.04295010 -0.01559880 -0.10604800
v -0.04307730 -0.01434870 -0.10572400
v -0.04319380 -0.01306990 -0.10543500
v -0.04281230 -0.01306990 -0.10449700
v -0.04183740 -0.01494210 -0.10308100
v -0.04220830 -0.01682000 -0.10495600
v -0.04141360 -0.01669330 -0.10307700
v -0.04127580 -0.01816230 -0.10370200
v -0.04105330 -0.01941230 -0.10418100
v -0.03940020 -0.02165320 -0.10382600
v -0.04105330 -0.02136520 -0.10604000
v -0.03696290 -0.02327770 -0.10420800
v -0.03916700 -0.02333530 -0.10596700
v -0.03845710 -0.02300120 -0.10488300
v -0.03791660 -0.02361760 -0.10545800
v -0.03638010 -0.02282260 -0.10322000
v -0.03571250 -0.02343320 -0.10393400
v -0.03642250 -0.02483300 -0.10696300
v -0.03702650 -0.02519600 -0.10791200
v -0.03642250 -0.02559340 -0.10860600
v -0.03456800 -0.02663610 -0.11058200
v -0.03644370 -0.02694140 -0.11203600
v -0.03644370 -0.02728710 -0.11297400
v -0.03644370 -0.02774220 -0.11433200
v -0.03644370 -0.02638840 -0.11058200
v -0.03892330 -0.02705660 -0.11359500
v -0.03767290 -0.02719490 -0.11322100
v -0.03830870 -0.02742530 -0.11426600
v -0.03928360 -0.02527090 -0.10962100
v -0.04091550 -0.02703360 -0.11550900
v -0.04141360 -0.02550130 -0.11288900
v -0.04298190 -0.02521320 -0.11533900
v -0.04313020 -0.02179140 -0.11118700
v -0.04335280 -0.02243090 -0.11249900
v -0.04128640 -0.02356570 -0.10935900
v -0.04166790 -0.02247700 -0.10872200
v -0.04283350 -0.02304150 -0.11190100
v -0.04333160 -0.02055870 -0.11057000
v -0.04310900 -0.01993080 -0.10937800
v -0.04324680 -0.01858850 -0.10873400
v -0.04304550 -0.01789150 -0.10768000
v -0.04280170 -0.01682000 -0.10641100
v -0.04266400 -0.01495930 -0.10504500
v -0.04255800 -0.01858850 -0.10696600
v -0.04160430 -0.01874980 -0.10486800
v -0.04135000 -0.02011510 -0.10543500
v -0.04090490 -0.02312210 -0.10810900
v -0.04169970 -0.02067390 -0.10673100
v -0.04289710 -0.02118080 -0.10993700
v -0.04136060 -0.02187210 -0.10729100
v -0.03638010 -0.02377890 -0.10488300
v -0.03965450 -0.02369240 -0.10721700
v -0.03831930 -0.02497130 -0.10832800
v -0.03831930 -0.02542060 -0.10926600
v -0.03831930 -0.02597940 -0.11058200
v -0.03830870 -0.02678010 -0.11253800
v -0.04103210 -0.02518440 -0.11163900
v -0.04254740 -0.02243090 -0.11057000
v -0.04287590 -0.01914160 -0.10812800
v -0.04262160 -0.02055870 -0.10873400
f 1198 1332 1199
f 1200 1336 1337
f 1198 1330 1331
f 1200 1335 1336
f 1199 1334 1335
f 1198 1331 1332
f 1199 1332 1333
f 1199 1333 1334
f 1200 1337 1313
f 1199 1335 1200
f 1201 1316 1338
f 1202 1344 1203
f 1201 1339 1340
f 1201 1340 1341
f 1201 1341 1342
f 1201 1342 1202
f 1202 1343 1344
f 1202 1342 1345
f 1202 1345 1346
f 1198 1329 1330
f 1205 1344 1347
f 1204 1344 1205
f 1202 1346 1343
f 1203 1344 1204
f 1201 1338 1339
f 1198 1328 1329
f 1189 1318 1190
f 1197 1327 1328
f 1175 1313 1314
f 1175 1200 1313
f 1173 1176 1201
f 1205 1347 1206
f 1175 1314 1176
f 1176 1314 1315
f 1176 1315 1316
f 1176 1316 1201
f 1187 1317 1318
f 1187 1318 1189
f 1187 1189 1188
f 1190 1318 1319
f 1190 1319 1191
f 1191 1319 1320
f 1191 1320 1192
f 1192 1320 1321
f 1192 1321 1322
f 1192 1322 1193
f 1193 1322 1323
f 1193 1323 1195
f 1193 1195 1194
f 1195 1323 1324
f 1195 1324 1325
f 1195 1325 1196
f 1196 1325 1197
f 1197 1325 1326
f 1197 1326 1327
f 1197 1328 1198
f 1206 1347 1348
f 1230 1362 1346
f 1206 1349 1207
f 1223 1357 1356
f 1223 1356 1355
f 1223 1355 1226
f 1226 1355 1227
f 1227 1355 1229
f 1229 1361 1362
f 1229 1362 1230
f 1229 1355 1361
f 1230 1346 1345
f 1230 1345 1231
f 1231 1345 1342
f 1232 1359 1363
f 1223 1225 1224
f 1232 1363 1364
f 1232 1365 1233
f 1233 1365 1234
f 1234 1365 1337
f 1234 1337 1336
f 1234 1336 1235
f 1235 1336 1236
f 1236 1336 1366
f 1236 1366 1237
f 1237 1366 1367
f 1172 1312 1311
f 1237 1367 1368
f 1237 1368 1238
f 1232 1364 1365
f 1206 1348 1349
f 1223 1226 1225
f 1221 1360 1222
f 1207 1349 1350
f 1207 1350 1351
f 1207 1351 1208
f 1208 1351 1352
f 1208 1352 1209
f 1209 1352 1210
f 1210 1352 1353
f 1210 1353 1212
f 1210 1212 1211
f 1212 1353 1215
f 1215 1354 1355
f 1215 1355 1356
f 1222 1360 1341
f 1215 1356 1357
f 1215 1353 1354
f 1216 1357 1217
f 1217 1357 1223
f 1218 1219 1358
f 1218 1358 1359
f 1218 1359 1220
f 1219 1222 1341
f 1219 1341 1340
f 1219 1340 1358
f 1220 1359 1232
f 1221 1231 1342
f 1221 1342 1360
f 1215 1357 1216
f 1172 1310 1312
f 1130 1269 1270
f 1169 1172 1170
f 1129 1268 1266
f 1130 1267 1266
f 1130 1266 1269
f 1130 1270 1131
f 1131 1270 1271
f 1131 1271 1132
f 1132 1271 1272
f 1132 1272 1133
f 1133 1273 1134
f 1133 1272 1273
f 1134 1274 1275
f 1134 1275 1276
f 1134 1276 1135
f 1134 1273 1274
f 1135 1276 1136
f 1136 1276 1277
f 1136 1277 1137
f 1137 1278 1279
f 1137 1279 1280
f 1137 1280 1281
f 1137 1281 1282
f 1137 1282 1139
f 1137 1139 1138
f 1137 1277 1276
f 1137 1276 1278
f 1129 1263 1268
f 1129 1267 1130
f 1129 1266 1267
f 1128 1265 1262
f 1115 1250 1251
f 1238 1368 1369
f 1116 1252 1253
f 1116 1253 1118
f 1116 1118 1117
f 1116 1251 1252
f 1118 1253 1254
f 1118 1254 1255
f 1118 1255 1256
f 1118 1256 1119
f 1119 1256 1120
f 1120 1256 1121
f 1139 1282 1283
f 1121 1257 1123
f 1123 1257 1258
f 1123 1258 1259
f 1123 1259 1260
f 1123 1260 1124
f 1124 1260 1261
f 1124 1261 1127
f 1124 1127 1125
f 1127 1261 1128
f 1128 1262 1263
f 1128 1263 1129
f 1128 1261 1264
f 1128 1264 1265
f 1121 1256 1257
f 1139 1283 1140
f 1140 1283 1284
f 1140 1284 1285
f 1156 1299 1158
f 1157 1159 1300
f 1157 1300 1161
f 1158 1299 1301
f 1158 1301 1159
f 1159 1301 1302
f 1159 1302 1300
f 1160 1161 1303
f 1160 1303 1163
f 1161 1300 1304
f 1161 1304 1303
f 1162 1163 1305
f 1156 1296 1299
f 1162 1305 1306
f 1163 1306 1305
f 1163 1303 1307
f 1163 1307 1306
f 1164 1306 1167
f 1164 1167 1166
f 1164 1166 1165
f 1167 1306 1308
f 1167 1308 1309
f 1167 1309 1168
f 1168 1310 1169
f 1168 1309 1310
f 1169 1310 1172
f 1162 1306 1164
f 1170 1172 1171
f 1155 1298 1297
f 1153 1297 1296
f 1140 1285 1286
f 1140 1286 1141
f 1141 1286 1142
f 1142 1286 1143
f 1143 1286 1287
f 1143 1287 1144
f 1144 1287 1288
f 1144 1288 1289
f 1144 1289 1145
f 1145 1289 1146
f 1146 1290 1148
f 1146 1289 1290
f 1155 1294 1298
f 1147 1149 1291
f 1148 1290 1149
f 1149 1290 1292
f 1149 1292 1293
f 1149 1293 1291
f 1150 1291 1151
f 1151 1294 1152
f 1151 1291 1295
f 1151 1295 1294
f 1152 1294 1155
f 1153 1296 1156
f 1153 1156 1154
f 1153 1155 1297
f 1147 1291 1150
f 1238 1369 1370
f 1323 1451 1452
f 1238 1371 1239
f 1312 1443 1444
f 1312 1444 1442
f 1313 1337 1445
f 1313 1445 1314
f 1314 1445 1316
f 1314 1316 1315
f 1316 1445 1364
f 1316 1364 1363
f 1316 1363 1338
f 1317 1446 1447
f 1317 1447 1448
f 1317 1448 1319
f 1317 1319 1318
f 1319 1448 1447
f 1319 1447 1320
f 1320 1447 1449
f 1320 1449 1321
f 1321 1449 1450
f 1321 1450 1322
f 1322 1450 1323
f 1323 1450 1451
f 1323 1452 1453
f 1323 1453 1454
f 1323 1454 1455
f 1323 1455 1324
f 1312 1441 1443
f 1311 1312 1442
f 1309 1312 1310
f 1309 1441 1312
f 1297 1427 1428
f 1297 1428 1299
f 1298 1426 1429
f 1298 1429 1427
f 1299 1428 1430
f 1299 1430 1301
f 1300 1302 1304
f 1301 1430 1431
f 1301 1431 1302
f 1302 1432 1304
f 1302 1431 1432
f 1303 1433 1307
f 1324 1456 1325
f 1303 1304 1434
f 1304 1432 1434
f 1306 1307 1435
f 1306 1435 1436
f 1306 1436 1308
f 1307 1433 1434
f 1307 1434 1437
f 1307 1437 1438
f 1307 1438 1435
f 1308 1436 1439
f 1308 1439 1309
f 1309 1439 1440
f 1309 1440 1441
f 1303 1434 1433
f 1324 1455 1454
f 1324 1454 1456
f 1325 1456 1326
f 1339 1358 1340
f 1341 1360 1342
f 1343 1471 1472
f 1343 1472 1347
f 1343 1347 1344
f 1343 1346 1362
f 1343 1362 1471
f 1347 1472 1348
f 1348 1472 1473
f 1348 1473 1349
f 1349 1473 1474
f 1349 1474 1350
f 1339 1359 1358
f 1350 1474 1351
f 1351 1475 1476
f 1351 1476 1353
f 1351 1353 1352
f 1353 1476 1354
f 1354 1477 1355
f 1354 1476 1477
f 1355 1477 1478
f 1355 1478 1479
f 1355 1479 1480
f 1355 1480 1361
f 1361 1480 1471
f 1115 1251 1116
f 1351 1474 1475
f 1297 1298 1427
f 1339 1363 1359
f 1337 1365 1445
f 1326 1456 1457
f 1326 1457 1327
f 1327 1457 1328
f 1328 1457 1458
f 1328 1458 1329
f 1329 1458 1459
f 1329 1459 1330
f 1330 1460 1331
f 1330 1459 1460
f 1331 1460 1461
f 1331 1461 1462
f 1331 1462 1332
f 1338 1363 1339
f 1332 1463 1333
f 1332 1464 1465
f 1332 1465 1466
f 1332 1466 1463
f 1333 1467 1367
f 1333 1367 1366
f 1333 1366 1336
f 1333 1336 1334
f 1333 1463 1468
f 1333 1468 1469
f 1333 1469 1470
f 1333 1470 1467
f 1334 1336 1335
f 1332 1462 1464
f 1296 1297 1299
f 1295 1425 1426
f 1294 1426 1298
f 1250 1387 1251
f 1251 1387 1388
f 1251 1388 1252
f 1252 1388 1389
f 1252 1389 1390
f 1252 1390 1253
f 1253 1390 1391
f 1253 1391 1254
f 1254 1391 1392
f 1254 1392 1255
f 1255 1392 1393
f 1255 1393 1256
f 1250 1386 1387
f 1256 1393 1394
f 1256 1395 1257
f 1257 1395 1258
f 1258 1395 1394
f 1258 1394 1396
f 1258 1396 1264
f 1258 1264 1261
f 1258 1261 1259
f 1259 1261 1260
f 1262 1397 1398
f 1262 1398 1399
f 1262 1399 1263
f 1262 1265 1400
f 1256 1394 1395
f 1262 1400 1397
f 1249 1386 1250
f 1248 1383 1384
f 1239 1371 1370
f 1239 1370 1372
f 1239 1372 1240
f 1240 1373 1241
f 1240 1372 1373
f 1241 1373 1374
f 1241 1374 1242
f 1242 1374 1243
f 1243 1374 1375
f 1243 1375 1244
f 1244 1375 1376
f 1244 1376 1245
f 1249 1385 1386
f 1245 1377 1378
f 1245 1379 1246
f 1245 1376 1380
f 1245 1380 1381
f 1245 1381 1382
f 1245 1382 1377
f 1246 1379 1247
f 1247 1383 1248
f 1247 1379 1378
f 1247 1378 1377
f 1247 1377 1383
f 1248 1384 1385
f 1248 1385 1249
f 1245 1378 1379
f 1238 1370 1371
f 1263 1399 1401
f 1263 1269 1266
f 1280 1282 1281
f 1280 1412 1413
f 1282 1414 1415
f 1282 1415 1416
f 1282 1416 1417
f 1282 1417 1418
f 1282 1418 1419
f 1282 1419 1420
f 1282 1420 1421
f 1282 1421 1422
f 1282 1422 1284
f 1282 1284 1283
f 1280 1414 1282
f 1284 1422 1285
f 1285 1288 1286
f 1286 1288 1287
f 1288 1422 1423
f 1288 1423 1290
f 1288 1290 1289
f 1290 1423 1292
f 1291 1293 1295
f 1292 1423 1424
f 1292 1424 1293
f 1293 1424 1425
f 1293 1425 1295
f 1294 1295 1426
f 1285 1422 1288
f 1263 1401 1269
f 1280 1527 1414
f 1279 1412 1280
f 1263 1266 1268
f 1264 1402 1400
f 1264 1400 1403
f 1264 1403 1404
f 1264 1404 1265
f 1264 1396 1402
f 1265 1404 1403
f 1265 1403 1400
f 1269 1401 1405
f 1269 1405 1406
f 1269 1406 1270
f 1270 1406 1271
f 1280 1413 1527
f 1271 1406 1407
f 1272 1407 1273
f 1273 1408 1274
f 1273 1407 1515
f 1273 1515 1408
f 1274 1409 1410
f 1274 1410 1411
f 1274 1411 1275
f 1274 1408 1409
f 1275 1411 1412
f 1275 1412 1279
f 1275 1279 1278
f 1275 1278 1276
f 1271 1407 1272
f 1114 1250 1115
f 937 1065 1066
f 1114 1248 1249
f 945 1079 946
f 946 1079 1080
f 946 1080 947
f 947 1080 1081
f 947 1081 951
f 947 951 948
f 949 955 1082
f 949 1082 958
f 949 958 950
f 951 1081 952
f 952 1083 967
f 952 967 966
f 952 966 965
f 952 965 964
f 952 964 963
f 952 963 953
f 952 1081 1084
f 952 1084 1083
f 953 963 954
f 954 963 962
f 954 962 961
f 954 961 960
f 954 960 1085
f 954 1085 1082
f 954 1082 955
f 944 1079 945
f 944 1078 1079
f 944 1077 1078
f 943 1077 944
f 937 1060 1061
f 937 1061 938
f 937 1059 1062
f 937 1062 956
f 937 956 1063
f 937 1063 1064
f 937 1064 1065
f 1361 1471 1362
f 937 1066 1067
f 937 1067 1060
f 938 1061 1068
f 938 1068 939
f 956 1062 1059
f 939 1068 1069
f 939 1070 940
f 940 1071 941
f 940 1070 1072
f 940 1072 1073
f 940 1073 1074
f 940 1074 1071
f 941 1071 1075
f 941 1075 942
f 942 1075 1071
f 942 1071 943
f 943 1071 1076
f 943 1076 1077
f 939 1069 1070
f 956 1059 957
f 958 1082 1085
f 958 1085 959
f 981 1101 982
f 982 1101 983
f 983 1101 1102
f 983 1102 1103
f 983 1103 984
f 984 1103 985
f 985 1103 1104
f 985 1104 1105
f 985 1105 989
f 985 989 986
f 987 1106 988
f 987 990 1107
f 981 1100 1101
f 987 1107 1106
f 988 1108 992
f 989 1105 1107
f 989 1107 1109
f 989 1109 990
f 990 1109 1107
f 991 994 1110
f 992 1108 1111
f 992 1111 993
f 993 1111 994
f 994 1111 1112
f 994 1112 1110
f 995 1113 996
f 988 1106 1108
f 936 1059 937
f 981 1092 1100
f 980 1098 1099
f 959 1085 960
f 967 1083 968
f 968 1083 1086
f 968 1086 969
f 969 1086 1087
f 969 1087 1088
f 969 1088 970
f 970 1089 1090
f 970 1090 971
f 970 1088 1089
f 971 1090 977
f 971 977 973
f 980 1099 1093
f 971 973 972
f 975 1092 976
f 975 980 1093
f 975 1093 1094
f 975 1094 1091
f 976 1092 981
f 977 1090 978
f 978 1090 979
f 979 1090 1095
f 979 1095 980
f 980 1095 1096
f 980 1096 1097
f 980 1097 1098
f 975 1091 1092
f 936 957 1059
f 935 957 936
f 935 1058 957
f 879 1007 1013
f 879 1013 1014
f 879 1014 1008
f 880 1012 881
f 881 1012 1015
f 881 1015 882
f 882 1015 883
f 883 1015 1016
f 883 1016 1017
f 883 1017 884
f 884 1017 1018
f 884 1018 885
f 879 1012 880
f 885 1018 1019
f 886 1020 896
f 887 1019 1021
f 887 1021 1022
f 887 1022 1023
f 887 1023 888
f 888 1024 889
f 888 1023 1024
f 889 1025 890
f 889 1024 1025
f 890 1026 891
f 890 1025 1026
f 891 1026 1027
f 886 893 1020
f 891 1027 892
f 879 1011 1012
f 879 1009 1010
f 866 991 1110
f 866 1110 995
f 867 995 996
f 867 996 869
f 869 997 998
f 869 998 870
f 869 996 997
f 870 998 999
f 870 999 871
f 871 999 872
f 872 1000 1001
f 872 1001 1002
f 879 1010 1011
f 872 1002 1003
f 872 1004 873
f 872 999 1000
f 873 1004 874
f 874 1004 1005
f 874 1005 875
f 875 1005 1006
f 875 1006 876
f 876 1006 877
f 877 1006 878
f 878 1007 879
f 878 1006 1007
f 879 1008 1009
f 872 1003 1004
f 995 1110 1113
f 892 1028 1029
f 892 1030 1020
f 908 1043 910
f 908 1042 1044
f 908 1044 1045
f 908 1045 1043
f 910 1043 911
f 911 1043 1046
f 911 1046 912
f 912 1047 913
f 912 1046 1047
f 913 1047 1048
f 913 1048 1049
f 913 1049 1050
f 907 1042 908
f 913 1050 914
f 915 1050 1051
f 915 1051 1052
f 915 1052 1053
f 915 1053 1054
f 915 1054 1055
f 915 1055 1056
f 915 1056 1057
f 915 1057 916
f 932 957 933
f 933 957 1058
f 933 1058 935
f 933 935 934
f 914 1050 915
f 892 1029 1030
f 907 1040 1042
f 906 1039 1041
f 892 1020 893
f 892 1027 1028
f 894 896 1030
f 894 1030 1029
f 894 1029 897
f 896 1020 1030
f 897 1029 1031
f 897 1031 898
f 898 1032 1033
f 898 1033 1034
f 898 1034 900
f 898 900 899
f 906 1041 1040
f 898 1031 1035
f 900 1033 901
f 900 1034 1033
f 901 1033 902
f 902 1033 1036
f 902 1036 903
f 903 1037 905
f 903 1036 1037
f 904 905 906
f 905 1037 1038
f 905 1038 1039
f 905 1039 906
f 906 1040 907
f 898 1035 1032
f 1114 1249 1250
f 996 1113 1114
f 996 1115 997
f 1070 1205 1206
f 1070 1206 1072
f 1071 1074 1207
f 1071 1207 1208
f 1071 1208 1209
f 1071 1209 1210
f 1071 1210 1076
f 1072 1206 1073
f 1073 1206 1074
f 1074 1206 1207
f 1076 1210 1211
f 1076 1211 1077
f 1077 1211 1212
f 1077 1212 1087
f 1077 1087 1213
f 1077 1213 1078
f 1078 1213 1086
f 1078 1086 1083
f 1078 1083 1214
f 1078 1214 1079
f 1079 1214 1080
f 1080 1214 1081
f 1081 1214 1084
f 1083 1084 1214
f 1086 1213 1087
f 1070 1204 1205
f 1069 1204 1070
f 1068 1204 1069
f 1068 1203 1204
f 1067 1178 1179
f 1067 1179 1180
f 1067 1180 1181
f 1067 1181 1182
f 1067 1182 1183
f 1067 1183 1184
f 1067 1184 1185
f 1067 1185 1186
f 1067 1186 1187
f 1067 1187 1188
f 1067 1188 1189
f 1067 1189 1190
f 1087 1215 1216
f 1067 1190 1191
f 1067 1192 1193
f 1067 1193 1194
f 1067 1194 1195
f 1067 1195 1196
f 1067 1196 1197
f 1067 1197 1198
f 1067 1198 1199
f 1067 1199 1200
f 1067 1200 1175
f 1068 1173 1201
f 1068 1201 1202
f 1068 1202 1203
f 1067 1191 1192
f 1087 1216 1088
f 1087 1212 1215
f 1088 1216 1217
f 1101 1233 1102
f 1102 1233 1234
f 1102 1234 1235
f 1102 1235 1103
f 1103 1235 1236
f 1103 1236 1104
f 1104 1237 1238
f 1104 1238 1107
f 1104 1107 1105
f 1106 1107 1108
f 1107 1238 1239
f 1107 1239 1240
f 1100 1233 1101
f 1107 1240 1241
f 1107 1111 1108
f 1110 1112 1113
f 1111 1241 1242
f 1111 1242 1243
f 1111 1243 1244
f 1111 1244 1245
f 1111 1245 1246
f 1111 1246 1247
f 1111 1247 1112
f 1112 1247 1113
f 1113 1247 1114
f 1114 1247 1248
f 1107 1241 1111
f 1067 1177 1178
f 1100 1232 1233
f 1099 1231 1221
f 1088 1217 1089
f 1089 1217 1095
f 1089 1095 1090
f 1091 1218 1092
f 1091 1094 1219
f 1091 1219 1218
f 1092 1218 1220
f 1092 1220 1100
f 1093 1099 1221
f 1093 1221 1094
f 1094 1221 1222
f 1094 1222 1219
f 1100 1220 1232
f 1095 1217 1096
f 1097 1217 1223
f 1097 1223 1224
f 1097 1224 1225
f 1097 1225 1226
f 1097 1226 1227
f 1097 1227 1228
f 1097 1228 1098
f 1098 1228 1227
f 1098 1227 1229
f 1098 1229 1230
f 1098 1230 1099
f 1099 1230 1231
f 1096 1217 1097
f 1067 1174 1177
f 1067 1176 1173
f 1067 1175 1176
f 1011 1130 1015
f 1011 1015 1012
f 1013 1126 1014
f 1014 1126 1125
f 1014 1125 1127
f 1015 1130 1131
f 1015 1131 1016
f 1016 1131 1132
f 1016 1132 1017
f 1017 1132 1133
f 1017 1133 1134
f 1017 1134 1135
f 1010 1130 1011
f 1017 1135 1018
f 1018 1136 1019
f 1019 1136 1137
f 1019 1137 1021
f 1021 1137 1022
f 1022 1137 1138
f 1022 1138 1139
f 1022 1139 1140
f 1022 1140 1141
f 1022 1141 1024
f 1022 1024 1023
f 1024 1141 1025
f 1025 1141 1142
f 1018 1135 1136
f 1025 1142 1027
f 1010 1129 1130
f 1008 1129 1009
f 997 1115 1116
f 997 1116 1117
f 997 1117 998
f 998 1117 1118
f 998 1118 1119
f 998 1119 1120
f 998 1120 999
f 999 1120 1121
f 999 1121 1122
f 999 1122 1000
f 1000 1122 1001
f 1001 1122 1002
f 1009 1129 1010
f 1002 1122 1121
f 1002 1123 1124
f 1002 1124 1125
f 1002 1125 1126
f 1002 1126 1003
f 1003 1126 1004
f 1004 1126 1005
f 1005 1126 1013
f 1005 1013 1007
f 1005 1007 1006
f 1008 1014 1127
f 1008 1127 1128
f 1008 1128 1129
f 1002 1121 1123
f 996 1114 1115
f 1025 1027 1026
f 1027 1143 1144
f 1045 1158 1159
f 1045 1159 1157
f 1046 1160 1047
f 1046 1157 1161
f 1046 1161 1160
f 1047 1160 1048
f 1048 1162 1049
f 1048 1160 1163
f 1048 1163 1162
f 1049 1162 1051
f 1049 1051 1050
f 1051 1162 1164
f 1045 1156 1158
f 1051 1164 1165
f 1051 1166 1167
f 1051 1167 1168
f 1051 1168 1169
f 1051 1169 1170
f 1051 1170 1171
f 1051 1171 1172
f 1051 1172 1053
f 1051 1053 1052
f 1060 1067 1173
f 1060 1173 1068
f 1060 1068 1061
f 1066 1174 1067
f 1051 1165 1166
f 1027 1142 1143
f 1044 1156 1045
f 1043 1045 1157
f 1027 1144 1028
f 1028 1144 1145
f 1028 1145 1029
f 1029 1145 1031
f 1031 1145 1146
f 1031 1146 1035
f 1032 1147 1033
f 1032 1035 1147
f 1033 1147 1036
f 1035 1146 1148
f 1035 1148 1149
f 1035 1149 1147
f 1043 1157 1046
f 1036 1147 1150
f 1037 1150 1038
f 1038 1041 1039
f 1038 1150 1151
f 1038 1151 1152
f 1038 1152 1041
f 1040 1041 1153
f 1040 1153 1154
f 1040 1154 1042
f 1041 1152 1155
f 1041 1155 1153
f 1042 1154 1156
f 1042 1156 1044
f 1036 1150 1037
f 1364 1445 1365
f 1545 1650 1651
f 1367 1372 1370
f 1702 1707 1706
f 1702 1706 1704
f 1708 1712 1709
f 1709 1785 1714
f 1709 1712 1785
f 1712 1779 1785
f 1714 1785 1783
f 1714 1783 1786
f 1714 1786 1787
f 1714 1787 1715
f 1715 1787 1788
f 1715 1788 1789
f 1715 1789 1716
f 1716 1789 1718
f 1718 1789 1788
f 1718 1788 1790
f 1718 1790 1719
f 1719 1790 1791
f 1719 1791 1728
f 1720 1727 1729
f 1722 1728 1792
f 1722 1792 1724
f 1723 1725 1793
f 1723 1793 1794
f 1723 1794 1726
f 1702 1713 1707
f 1701 1784 1779
f 1701 1783 1784
f 1701 1782 1783
f 1685 1688 1686
f 1686 1688 1687
f 1689 1773 1774
f 1689 1774 1775
f 1689 1775 1693
f 1689 1693 1690
f 1690 1693 1691
f 1693 1775 1776
f 1693 1776 1777
f 1693 1777 1695
f 1693 1695 1694
f 1695 1777 1778
f 1724 1792 1795
f 1695 1778 1697
f 1696 1701 1779
f 1696 1779 1712
f 1696 1712 1711
f 1696 1711 1710
f 1696 1710 1713
f 1697 1778 1698
f 1698 1780 1699
f 1698 1778 1780
f 1699 1780 1781
f 1699 1781 1701
f 1699 1701 1700
f 1701 1781 1782
f 1696 1713 1702
f 1724 1795 1725
f 1725 1795 1793
f 1726 1794 1727
f 1742 1809 1810
f 1742 1810 1748
f 1743 1748 1811
f 1743 1811 1744
f 1744 1811 1812
f 1744 1812 1813
f 1744 1813 1814
f 1744 1814 1815
f 1744 1815 1747
f 1745 1816 1817
f 1745 1817 1760
f 1745 1760 1746
f 1741 1809 1742
f 1745 1747 1815
f 1745 1814 1818
f 1745 1818 1816
f 1748 1810 1811
f 1750 1756 1768
f 1750 1768 1767
f 1750 1767 1751
f 1751 1767 1752
f 1752 1767 1753
f 1753 1767 1766
f 1753 1766 1765
f 1753 1765 1764
f 1753 1764 1763
f 1745 1815 1814
f 1685 1773 1689
f 1741 1807 1809
f 1739 1808 1807
f 1727 1794 1729
f 1728 1791 1792
f 1729 1794 1796
f 1729 1796 1797
f 1729 1797 1730
f 1730 1797 1798
f 1730 1798 1731
f 1731 1798 1799
f 1731 1799 1800
f 1731 1800 1801
f 1731 1801 1732
f 1732 1801 1733
f 1740 1807 1741
f 1733 1801 1802
f 1734 1803 1735
f 1734 1802 1804
f 1734 1804 1803
f 1735 1803 1804
f 1735 1804 1805
f 1735 1805 1736
f 1736 1805 1737
f 1737 1805 1806
f 1737 1806 1738
f 1738 1806 1739
f 1739 1807 1740
f 1739 1806 1808
f 1733 1802 1734
f 1754 1757 1755
f 1685 1772 1773
f 1684 1772 1685
f 1635 1732 1636
f 1636 1732 1637
f 1637 1732 1733
f 1637 1733 1640
f 1637 1640 1638
f 1638 1640 1639
f 1640 1733 1734
f 1640 1734 1641
f 1641 1734 1735
f 1641 1735 1642
f 1642 1735 1643
f 1643 1735 1736
f 1643 1736 1644
f 1644 1736 1645
f 1645 1737 1738
f 1645 1738 1646
f 1645 1736 1737
f 1646 1738 1649
f 1649 1738 1650
f 1650 1738 1739
f 1650 1739 1740
f 1650 1740 1651
f 1651 1740 1652
f 1652 1740 1741
f 1652 1741 1742
f 1635 1731 1732
f 1634 1731 1635
f 1634 1730 1731
f 1634 1729 1730
f 1619 1629 1620
f 1619 1717 1716
f 1619 1716 1718
f 1621 1628 1720
f 1621 1720 1721
f 1621 1721 1622
f 1622 1721 1633
f 1622 1633 1632
f 1623 1631 1722
f 1623 1722 1625
f 1625 1723 1626
f 1625 1722 1724
f 1652 1742 1656
f 1625 1724 1725
f 1626 1723 1627
f 1627 1723 1726
f 1627 1726 1628
f 1628 1726 1727
f 1628 1727 1720
f 1629 1719 1630
f 1630 1719 1728
f 1630 1728 1631
f 1631 1728 1722
f 1633 1720 1634
f 1633 1721 1720
f 1634 1720 1729
f 1625 1725 1723
f 1653 1656 1743
f 1653 1743 1744
f 1653 1744 1655
f 1669 1762 1670
f 1670 1762 1671
f 1671 1762 1749
f 1671 1749 1672
f 1672 1749 1673
f 1673 1749 1674
f 1674 1753 1675
f 1674 1749 1753
f 1675 1753 1676
f 1676 1753 1763
f 1676 1763 1677
f 1677 1764 1680
f 1668 1669 1670
f 1677 1763 1764
f 1678 1688 1679
f 1680 1765 1682
f 1680 1682 1681
f 1680 1764 1765
f 1682 1766 1767
f 1682 1767 1683
f 1682 1765 1766
f 1683 1767 1768
f 1683 1768 1769
f 1683 1769 1684
f 1684 1770 1771
f 1684 1771 1772
f 1678 1687 1688
f 1684 1769 1770
f 1666 1761 1759
f 1666 1746 1760
f 1654 1745 1746
f 1654 1746 1657
f 1654 1655 1744
f 1654 1744 1747
f 1654 1747 1745
f 1656 1742 1748
f 1656 1748 1743
f 1657 1746 1666
f 1658 1663 1750
f 1658 1750 1751
f 1658 1751 1752
f 1658 1752 1753
f 1666 1760 1761
f 1658 1753 1749
f 1659 1754 1660
f 1660 1754 1662
f 1660 1662 1661
f 1662 1754 1663
f 1663 1754 1755
f 1663 1755 1756
f 1663 1756 1750
f 1664 1757 1754
f 1664 1665 1758
f 1664 1758 1757
f 1665 1666 1759
f 1665 1759 1758
f 1659 1664 1754
f 1755 1757 1770
f 1755 1770 1756
f 1756 1770 1768
f 1845 1847 1849
f 1846 1884 1889
f 1846 1889 1890
f 1846 1890 1847
f 1847 1890 1891
f 1847 1891 1892
f 1847 1892 1850
f 1847 1850 1849
f 1850 1892 1851
f 1851 1892 1893
f 1851 1893 1852
f 1852 1893 1857
f 1852 1857 1856
f 1852 1856 1894
f 1852 1894 1853
f 1853 1894 1856
f 1853 1856 1855
f 1853 1855 1854
f 1857 1893 1892
f 1857 1892 1895
f 1857 1895 1859
f 1859 1896 1860
f 1859 1895 1896
f 1860 1896 1897
f 1860 1897 1862
f 1844 1848 1846
f 1843 1884 1846
f 1843 1885 1884
f 1841 1888 1884
f 1828 1873 1874
f 1828 1874 1875
f 1828 1875 1832
f 1830 1871 1876
f 1830 1876 1872
f 1832 1875 1833
f 1833 1877 1834
f 1833 1875 1878
f 1833 1878 1879
f 1833 1879 1877
f 1834 1877 1880
f 1834 1880 1881
f 1861 1862 1898
f 1834 1881 1835
f 1836 1881 1882
f 1836 1882 1837
f 1837 1883 1838
f 1837 1882 1883
f 1838 1883 1839
f 1839 1883 1840
f 1840 1883 1841
f 1841 1884 1885
f 1841 1885 1843
f 1841 1883 1886
f 1841 1886 1887
f 1841 1887 1888
f 1835 1881 1836
f 1861 1898 1864
f 1862 1897 1899
f 1862 1899 1900
f 1880 1905 1904
f 1880 1903 1908
f 1880 1908 1881
f 1881 1908 1882
f 1882 1908 1886
f 1882 1886 1883
f 1884 1888 1900
f 1884 1900 1889
f 1886 1908 1903
f 1886 1903 1898
f 1886 1901 1887
f 1887 1901 1888
f 1880 1906 1905
f 1888 1901 1909
f 1889 1900 1890
f 1890 1900 1910
f 1890 1910 1891
f 1891 1910 1892
f 1892 1910 1895
f 1895 1910 1896
f 1896 1910 1911
f 1896 1911 1897
f 1897 1911 1899
f 1899 1911 1900
f 1900 1909 1901
f 1900 1911 1910
f 1888 1909 1900
f 1828 1872 1873
f 1877 1906 1880
f 1877 1878 1907
f 1862 1900 1901
f 1862 1901 1886
f 1862 1886 1898
f 1863 1866 1870
f 1863 1870 1902
f 1863 1902 1868
f 1863 1868 1867
f 1864 1898 1903
f 1864 1903 1880
f 1864 1880 1866
f 1864 1866 1865
f 1866 1880 1904
f 1877 1907 1906
f 1866 1904 1870
f 1868 1870 1869
f 1870 1878 1876
f 1870 1876 1871
f 1870 1904 1905
f 1870 1905 1906
f 1870 1906 1907
f 1870 1907 1878
f 1872 1876 1873
f 1873 1876 1878
f 1873 1878 1874
f 1874 1878 1875
f 1877 1879 1878
f 1868 1902 1870
f 1828 1830 1872
f 1827 1863 1867
f 1825 1871 1830
f 1776 1778 1777
f 1779 1784 1785
f 1780 1831 1828
f 1780 1828 1781
f 1781 1832 1782
f 1781 1828 1832
f 1782 1833 1786
f 1782 1786 1783
f 1782 1832 1833
f 1783 1785 1784
f 1786 1833 1834
f 1786 1834 1835
f 1776 1780 1778
f 1786 1835 1836
f 1787 1836 1788
f 1788 1836 1837
f 1788 1837 1838
f 1788 1838 1790
f 1790 1838 1791
f 1791 1838 1839
f 1791 1839 1840
f 1791 1840 1841
f 1791 1841 1792
f 1792 1842 1795
f 1792 1841 1843
f 1792 1843 1842
f 1786 1836 1787
f 1793 1795 1844
f 1774 1780 1776
f 1774 1828 1831
f 1757 1819 1771
f 1757 1771 1770
f 1757 1758 1820
f 1757 1820 1821
f 1757 1821 1822
f 1757 1822 1823
f 1757 1823 1824
f 1757 1824 1825
f 1757 1825 1826
f 1757 1826 1819
f 1758 1759 1761
f 1758 1761 1820
f 1774 1831 1780
f 1760 1817 1761
f 1761 1827 1820
f 1768 1770 1769
f 1771 1828 1829
f 1771 1829 1772
f 1771 1819 1826
f 1771 1826 1825
f 1771 1825 1830
f 1771 1830 1828
f 1772 1829 1828
f 1772 1828 1773
f 1773 1828 1774
f 1774 1776 1775
f 1761 1817 1827
f 1619 1719 1629
f 1793 1844 1794
f 1794 1844 1846
f 1811 1858 1857
f 1811 1857 1859
f 1811 1859 1860
f 1811 1860 1812
f 1812 1860 1813
f 1813 1860 1814
f 1814 1861 1818
f 1814 1860 1862
f 1814 1862 1861
f 1816 1863 1827
f 1816 1827 1817
f 1816 1818 1861
f 1810 1858 1811
f 1816 1861 1864
f 1816 1865 1866
f 1816 1866 1863
f 1820 1827 1867
f 1820 1867 1868
f 1820 1868 1821
f 1821 1868 1822
f 1822 1868 1823
f 1823 1868 1869
f 1823 1869 1825
f 1823 1825 1824
f 1825 1869 1870
f 1825 1870 1871
f 1816 1864 1865
f 1794 1845 1796
f 1810 1857 1858
f 1809 1856 1810
f 1794 1846 1847
f 1794 1847 1845
f 1795 1842 1843
f 1795 1843 1846
f 1795 1846 1848
f 1795 1848 1844
f 1796 1845 1797
f 1797 1845 1849
f 1797 1849 1798
f 1798 1849 1850
f 1798 1850 1799
f 1799 1850 1851
f 1810 1856 1857
f 1799 1851 1800
f 1800 1851 1852
f 1800 1852 1853
f 1800 1853 1802
f 1802 1853 1854
f 1802 1854 1804
f 1804 1855 1808
f 1804 1808 1806
f 1804 1806 1805
f 1804 1854 1855
f 1807 1808 1856
f 1807 1856 1809
f 1808 1855 1856
f 1800 1802 1801
f 1619 1718 1719
f 1618 1717 1619
f 1618 1716 1717
f 1443 1559 1557
f 1443 1557 1444
f 1443 1554 1560
f 1443 1560 1559
f 1444 1557 1556
f 1446 1561 1562
f 1446 1562 1449
f 1446 1449 1447
f 1449 1562 1563
f 1449 1563 1564
f 1449 1564 1565
f 1449 1565 1450
f 1450 1565 1451
f 1451 1565 1566
f 1451 1566 1452
f 1452 1566 1567
f 1452 1567 1568
f 1452 1568 1569
f 1452 1569 1570
f 1452 1570 1454
f 1452 1454 1453
f 1454 1570 1571
f 1454 1571 1572
f 1454 1572 1456
f 1456 1573 1574
f 1442 1558 1555
f 1442 1557 1558
f 1442 1556 1557
f 1442 1444 1556
f 1429 1539 1538
f 1430 1540 1431
f 1431 1540 1541
f 1431 1541 1542
f 1431 1542 1543
f 1431 1543 1432
f 1432 1544 1434
f 1432 1543 1545
f 1432 1545 1544
f 1434 1544 1546
f 1434 1546 1547
f 1434 1547 1437
f 1456 1574 1457
f 1435 1438 1548
f 1436 1549 1439
f 1436 1548 1550
f 1436 1550 1551
f 1436 1551 1549
f 1437 1547 1438
f 1438 1547 1552
f 1438 1552 1548
f 1439 1549 1440
f 1440 1549 1553
f 1440 1553 1554
f 1440 1554 1441
f 1441 1554 1443
f 1435 1548 1436
f 1456 1572 1575
f 1456 1575 1576
f 1456 1576 1573
f 1465 1594 1587
f 1465 1587 1586
f 1465 1586 1585
f 1465 1585 1466
f 1466 1595 1596
f 1466 1596 1597
f 1466 1597 1598
f 1466 1598 1591
f 1466 1585 1599
f 1466 1599 1600
f 1466 1600 1595
f 1467 1470 1481
f 1465 1588 1594
f 1468 1593 1488
f 1468 1487 1482
f 1468 1482 1469
f 1469 1482 1470
f 1470 1482 1481
f 1471 1480 1473
f 1471 1473 1472
f 1473 1480 1474
f 1474 1480 1479
f 1474 1479 1601
f 1474 1601 1477
f 1474 1477 1475
f 1475 1477 1476
f 1468 1488 1487
f 1429 1534 1539
f 1465 1589 1588
f 1464 1590 1465
f 1457 1574 1577
f 1457 1577 1458
f 1458 1577 1578
f 1458 1578 1579
f 1458 1579 1459
f 1459 1579 1580
f 1459 1580 1581
f 1459 1581 1582
f 1459 1582 1460
f 1460 1582 1583
f 1460 1583 1461
f 1461 1583 1582
f 1465 1590 1589
f 1461 1582 1462
f 1462 1581 1584
f 1462 1584 1585
f 1462 1585 1586
f 1462 1586 1587
f 1462 1587 1588
f 1462 1588 1589
f 1462 1589 1590
f 1462 1590 1464
f 1463 1591 1592
f 1463 1592 1593
f 1463 1593 1468
f 1463 1466 1591
f 1462 1582 1581
f 1429 1535 1534
f 1428 1540 1430
f 1428 1538 1540
f 1387 1494 1491
f 1388 1491 1495
f 1388 1495 1389
f 1389 1496 1497
f 1389 1497 1391
f 1389 1391 1390
f 1389 1495 1496
f 1391 1498 1499
f 1391 1499 1500
f 1391 1500 1392
f 1391 1497 1498
f 1392 1500 1396
f 1387 1493 1494
f 1392 1396 1393
f 1396 1500 1501
f 1396 1501 1502
f 1396 1502 1503
f 1396 1503 1402
f 1397 1504 1398
f 1397 1400 1504
f 1398 1505 1399
f 1398 1504 1506
f 1398 1506 1507
f 1398 1507 1508
f 1398 1508 1509
f 1398 1509 1510
f 1393 1396 1394
f 1398 1510 1505
f 1387 1492 1493
f 1387 1491 1388
f 1367 1370 1369
f 1367 1369 1368
f 1372 1467 1481
f 1372 1481 1482
f 1372 1482 1374
f 1372 1374 1373
f 1374 1482 1375
f 1375 1482 1376
f 1376 1482 1380
f 1377 1382 1483
f 1377 1483 1383
f 1380 1482 1381
f 1387 1490 1492
f 1381 1484 1485
f 1381 1486 1483
f 1381 1483 1382
f 1381 1482 1487
f 1381 1487 1488
f 1381 1488 1484
f 1383 1483 1486
f 1383 1486 1384
f 1384 1486 1385
f 1385 1486 1489
f 1385 1489 1386
f 1386 1489 1490
f 1386 1490 1387
f 1381 1485 1486
f 1477 1601 1479
f 1399 1505 1401
f 1400 1503 1502
f 1414 1528 1415
f 1415 1528 1529
f 1415 1529 1416
f 1416 1530 1417
f 1416 1529 1530
f 1417 1530 1531
f 1417 1531 1532
f 1417 1532 1533
f 1417 1533 1534
f 1417 1534 1418
f 1418 1534 1535
f 1418 1535 1419
f 1414 1527 1528
f 1419 1535 1536
f 1420 1536 1537
f 1420 1537 1422
f 1420 1422 1421
f 1422 1537 1424
f 1422 1424 1423
f 1424 1536 1425
f 1424 1537 1536
f 1425 1536 1426
f 1426 1536 1535
f 1426 1535 1429
f 1427 1538 1428
f 1427 1429 1538
f 1419 1536 1420
f 1400 1402 1503
f 1413 1526 1527
f 1412 1524 1413
f 1400 1502 1501
f 1400 1501 1511
f 1400 1511 1512
f 1400 1512 1513
f 1400 1513 1514
f 1400 1514 1504
f 1401 1515 1406
f 1401 1406 1405
f 1401 1505 1516
f 1401 1516 1515
f 1406 1515 1407
f 1408 1515 1516
f 1413 1524 1526
f 1408 1516 1517
f 1408 1518 1409
f 1409 1518 1519
f 1409 1519 1520
f 1409 1520 1410
f 1410 1520 1521
f 1410 1521 1522
f 1410 1522 1523
f 1410 1523 1524
f 1410 1524 1525
f 1410 1525 1411
f 1411 1525 1412
f 1412 1525 1524
f 1408 1517 1518
f 1367 1467 1372
f 1477 1479 1478
f 1484 1602 1603
f 1568 1673 1569
f 1569 1673 1674
f 1569 1674 1675
f 1569 1675 1676
f 1569 1676 1570
f 1570 1676 1571
f 1571 1676 1677
f 1571 1677 1576
f 1571 1576 1575
f 1571 1575 1572
f 1573 1678 1574
f 1573 1576 1678
f 1574 1678 1679
f 1574 1679 1577
f 1576 1677 1680
f 1576 1680 1681
f 1576 1681 1682
f 1576 1682 1683
f 1576 1683 1684
f 1576 1684 1685
f 1576 1685 1686
f 1576 1686 1687
f 1576 1687 1678
f 1577 1679 1578
f 1578 1679 1688
f 1568 1672 1673
f 1567 1672 1568
f 1567 1671 1672
f 1567 1670 1671
f 1552 1656 1653
f 1553 1654 1657
f 1553 1657 1554
f 1554 1657 1560
f 1555 1558 1658
f 1557 1559 1558
f 1558 1559 1659
f 1558 1659 1660
f 1558 1660 1661
f 1558 1661 1662
f 1558 1662 1663
f 1558 1663 1658
f 1578 1688 1685
f 1559 1664 1659
f 1559 1665 1664
f 1560 1657 1666
f 1560 1666 1665
f 1561 1667 1563
f 1561 1563 1562
f 1563 1668 1566
f 1563 1566 1564
f 1563 1667 1669
f 1563 1669 1668
f 1564 1566 1565
f 1566 1668 1567
f 1567 1668 1670
f 1559 1560 1665
f 1578 1685 1689
f 1578 1689 1690
f 1578 1690 1691
f 1602 1612 1606
f 1602 1605 1705
f 1602 1705 1603
f 1603 1705 1605
f 1607 1612 1704
f 1607 1704 1706
f 1607 1706 1608
f 1608 1706 1611
f 1608 1611 1610
f 1608 1610 1609
f 1611 1706 1707
f 1611 1707 1615
f 1602 1704 1612
f 1613 1614 1708
f 1613 1709 1616
f 1614 1615 1710
f 1614 1710 1711
f 1614 1711 1712
f 1614 1712 1708
f 1615 1707 1713
f 1615 1713 1710
f 1616 1709 1714
f 1616 1714 1715
f 1616 1715 1617
f 1617 1715 1716
f 1617 1716 1618
f 1613 1708 1709
f 1552 1652 1656
f 1599 1602 1600
f 1599 1702 1704
f 1578 1691 1692
f 1578 1692 1579
f 1579 1692 1691
f 1579 1691 1693
f 1579 1693 1694
f 1579 1694 1580
f 1580 1694 1581
f 1581 1695 1584
f 1581 1694 1695
f 1584 1696 1585
f 1584 1695 1697
f 1584 1697 1698
f 1599 1704 1602
f 1584 1698 1699
f 1584 1700 1701
f 1584 1701 1696
f 1585 1696 1702
f 1585 1702 1599
f 1587 1594 1588
f 1591 1597 1592
f 1591 1598 1597
f 1592 1597 1596
f 1592 1596 1703
f 1592 1703 1595
f 1592 1595 1600
f 1595 1703 1596
f 1584 1699 1700
f 1551 1655 1654
f 1551 1653 1655
f 1550 1653 1551
f 1496 1616 1617
f 1497 1618 1498
f 1498 1619 1499
f 1498 1618 1619
f 1499 1619 1620
f 1499 1620 1500
f 1500 1620 1501
f 1501 1620 1511
f 1504 1514 1506
f 1505 1510 1621
f 1505 1621 1622
f 1505 1622 1517
f 1496 1618 1497
f 1505 1517 1516
f 1506 1513 1512
f 1506 1512 1623
f 1506 1623 1624
f 1506 1624 1508
f 1506 1508 1507
f 1508 1624 1623
f 1508 1623 1625
f 1508 1625 1626
f 1508 1626 1627
f 1508 1627 1628
f 1508 1628 1509
f 1509 1628 1510
f 1506 1514 1513
f 1510 1628 1621
f 1496 1617 1618
f 1495 1613 1616
f 1484 1603 1485
f 1484 1488 1604
f 1484 1604 1593
f 1484 1593 1592
f 1484 1592 1600
f 1485 1603 1605
f 1485 1605 1602
f 1485 1602 1606
f 1485 1606 1490
f 1485 1490 1489
f 1485 1489 1486
f 1488 1593 1604
f 1495 1616 1496
f 1490 1607 1608
f 1490 1609 1610
f 1490 1610 1611
f 1490 1611 1492
f 1490 1606 1612
f 1490 1612 1607
f 1491 1613 1495
f 1491 1494 1614
f 1491 1614 1613
f 1492 1611 1493
f 1493 1611 1615
f 1493 1615 1494
f 1494 1615 1614
f 1490 1608 1609
f 1484 1600 1602
f 1511 1629 1630
f 1511 1631 1512
f 1532 1645 1646
f 1532 1646 1647
f 1532 1647 1648
f 1532 1648 1533
f 1533 1648 1534
f 1534 1648 1539
f 1538 1539 1540
f 1539 1648 1540
f 1540 1648 1647
f 1540 1647 1541
f 1541 1647 1646
f 1541 1646 1542
f 1531 1645 1532
f 1542 1649 1543
f 1543 1649 1545
f 1544 1545 1546
f 1545 1649 1650
f 866 995 867
f 1545 1651 1546
f 1546 1651 1547
f 1547 1651 1652
f 1547 1652 1552
f 1548 1552 1653
f 1548 1653 1550
f 1549 1551 1654
f 1549 1654 1553
f 1542 1646 1649
f 1511 1630 1631
f 1531 1644 1645
f 1530 1643 1644
f 1511 1620 1629
f 1512 1631 1623
f 1517 1622 1632
f 1517 1632 1518
f 1518 1632 1519
f 1519 1632 1633
f 1519 1633 1634
f 1519 1634 1521
f 1519 1521 1520
f 1521 1634 1635
f 1521 1635 1636
f 1521 1636 1523
f 1530 1644 1531
f 1521 1523 1522
f 1523 1637 1638
f 1523 1638 1639
f 1523 1639 1524
f 1524 1639 1526
f 1526 1640 1641
f 1526 1641 1642
f 1526 1642 1643
f 1526 1643 1530
f 1526 1530 1529
f 1526 1529 1528
f 1526 1528 1527
f 1526 1639 1640
f 1523 1636 1637
f 865 994 991
f 1104 1236 1237
f 865 992 993
f 266 272 267
f 267 272 268
f 269 275 362
f 269 362 270
f 270 362 363
f 270 363 271
f 271 363 366
f 271 366 276
f 272 361 364
f 272 364 273
f 273 364 274
f 274 364 365
f 274 365 362
f 274 362 275
f 276 366 277
f 277 366 278
f 278 366 279
f 279 366 367
f 279 367 280
f 280 367 281
f 281 367 368
f 281 368 282
f 282 368 367
f 282 367 369
f 282 369 283
f 265 272 266
f 264 361 272
f 264 272 265
f 263 361 264
f 252 347 254
f 253 256 348
f 253 348 257
f 254 347 349
f 254 349 255
f 255 349 256
f 256 349 348
f 257 350 351
f 257 351 352
f 257 352 353
f 257 353 354
f 257 354 258
f 283 370 371
f 257 348 349
f 257 355 350
f 258 354 259
f 259 354 356
f 259 356 262
f 260 262 357
f 260 357 358
f 260 358 261
f 261 359 263
f 261 358 359
f 262 356 360
f 262 360 357
f 263 359 361
f 257 349 355
f 283 371 284
f 283 369 370
f 284 371 285
f 300 387 388
f 300 388 301
f 301 388 302
f 302 388 389
f 302 389 390
f 302 390 391
f 302 391 392
f 302 392 304
f 302 304 303
f 304 393 394
f 304 394 311
f 304 392 393
f 300 386 387
f 306 309 395
f 307 395 337
f 308 310 315
f 308 315 396
f 308 396 397
f 308 397 309
f 309 397 395
f 311 398 312
f 311 394 398
f 312 398 313
f 313 399 314
f 313 398 394
f 313 394 400
f 306 395 307
f 251 347 252
f 299 386 300
f 297 386 298
f 285 371 372
f 285 372 373
f 285 373 286
f 286 373 287
f 287 373 374
f 287 374 375
f 287 375 376
f 287 376 377
f 287 377 288
f 288 377 290
f 290 377 378
f 290 378 291
f 298 386 299
f 291 378 379
f 291 293 292
f 293 379 380
f 293 380 294
f 294 380 381
f 294 381 382
f 294 382 383
f 294 383 295
f 295 383 296
f 296 383 297
f 297 383 384
f 297 384 385
f 297 385 386
f 291 379 293
f 251 346 347
f 251 345 346
f 250 345 251
f 213 294 295
f 213 295 296
f 213 296 214
f 214 296 215
f 215 296 297
f 215 297 298
f 215 298 299
f 215 299 300
f 215 300 301
f 215 301 216
f 216 301 302
f 216 302 303
f 213 293 294
f 216 303 217
f 217 304 305
f 217 305 228
f 218 225 219
f 219 225 306
f 219 306 307
f 219 307 221
f 219 221 220
f 221 307 222
f 222 307 245
f 224 308 225
f 224 227 308
f 225 309 306
f 217 303 304
f 225 308 309
f 213 292 293
f 211 289 288
f 200 278 279
f 200 279 202
f 200 202 201
f 202 279 280
f 202 280 281
f 202 281 203
f 203 281 204
f 204 281 282
f 204 282 283
f 204 283 205
f 205 283 284
f 205 284 206
f 211 288 290
f 206 284 285
f 207 286 287
f 207 287 288
f 207 288 208
f 207 285 286
f 208 288 289
f 208 289 209
f 209 289 211
f 209 211 210
f 211 290 291
f 211 291 292
f 211 292 213
f 211 213 212
f 206 285 207
f 313 400 399
f 226 310 308
f 226 228 311
f 241 328 329
f 241 329 250
f 242 245 330
f 242 330 331
f 242 331 332
f 242 332 243
f 243 332 244
f 244 332 333
f 244 333 246
f 245 334 335
f 245 335 336
f 245 336 330
f 240 328 241
f 245 307 337
f 245 338 339
f 245 339 340
f 245 340 341
f 245 341 334
f 246 333 247
f 247 333 248
f 248 333 342
f 248 342 249
f 249 342 343
f 249 343 344
f 249 344 316
f 250 329 345
f 245 337 338
f 226 308 227
f 240 327 328
f 239 326 327
f 226 311 312
f 226 312 313
f 226 313 314
f 226 314 315
f 226 315 310
f 228 305 304
f 228 304 311
f 229 233 230
f 230 249 316
f 230 316 317
f 230 317 318
f 230 318 231
f 239 327 240
f 231 318 319
f 231 320 321
f 231 321 234
f 234 321 235
f 235 322 323
f 235 323 236
f 235 321 324
f 235 324 322
f 236 323 325
f 236 325 326
f 236 326 237
f 237 326 239
f 237 239 238
f 231 319 320
f 200 277 278
f 314 399 401
f 315 401 402
f 349 432 433
f 349 433 355
f 350 355 351
f 351 434 352
f 351 355 435
f 351 435 434
f 352 434 353
f 353 434 436
f 353 436 354
f 354 436 437
f 354 437 438
f 354 438 360
f 354 360 356
f 355 433 439
f 355 439 435
f 357 360 440
f 357 440 441
f 357 441 358
f 358 441 359
f 359 441 361
f 360 438 440
f 361 441 442
f 361 442 364
f 362 365 443
f 362 443 444
f 349 431 432
f 347 431 349
f 347 420 431
f 345 347 346
f 331 336 421
f 334 422 423
f 334 423 335
f 334 341 424
f 334 424 425
f 334 425 426
f 334 426 427
f 334 427 422
f 335 423 421
f 335 421 336
f 337 395 397
f 337 397 396
f 362 444 445
f 337 396 338
f 338 405 339
f 339 405 404
f 339 404 340
f 340 404 428
f 340 428 341
f 341 428 403
f 341 403 425
f 341 425 424
f 342 429 343
f 343 429 344
f 344 430 406
f 344 429 430
f 338 396 405
f 362 445 446
f 362 446 363
f 363 446 366
f 378 463 464
f 378 464 379
f 379 464 380
f 380 464 463
f 380 463 465
f 380 465 466
f 380 466 467
f 380 467 381
f 381 467 468
f 381 468 469
f 381 469 382
f 382 469 383
f 378 462 463
f 383 469 470
f 384 470 385
f 385 471 472
f 385 472 386
f 385 470 473
f 385 473 474
f 385 474 475
f 385 475 471
f 386 472 387
f 387 476 390
f 387 390 388
f 387 472 477
f 387 477 476
f 383 470 384
f 331 333 332
f 378 461 462
f 377 460 378
f 364 442 443
f 364 443 365
f 366 446 447
f 366 447 448
f 366 448 449
f 366 449 367
f 367 449 369
f 369 449 450
f 369 450 370
f 370 450 371
f 371 450 451
f 371 451 452
f 378 460 461
f 371 452 372
f 372 453 373
f 373 453 374
f 374 453 454
f 374 454 375
f 375 454 455
f 375 455 456
f 375 456 457
f 375 457 458
f 375 458 376
f 376 458 459
f 376 459 460
f 376 460 377
f 372 452 453
f 331 342 333
f 331 429 342
f 331 491 429
f 329 418 419
f 329 419 420
f 329 420 347
f 329 347 345
f 330 336 331
f 331 421 498
f 331 498 502
f 331 502 501
f 331 501 607
f 331 607 702
f 331 702 807
f 331 807 816
f 328 418 329
f 331 816 815
f 331 814 813
f 331 813 930
f 331 930 929
f 331 929 928
f 331 928 927
f 331 927 926
f 331 926 925
f 331 925 924
f 331 924 923
f 331 923 922
f 331 922 921
f 331 921 920
f 331 815 814
f 331 920 919
f 327 418 328
f 326 417 327
f 315 402 403
f 315 403 404
f 315 404 405
f 315 405 396
f 316 344 317
f 317 344 406
f 317 406 318
f 318 406 319
f 319 406 407
f 319 407 320
f 320 408 321
f 320 407 408
f 327 417 418
f 321 408 409
f 322 410 411
f 322 411 323
f 322 324 412
f 322 412 413
f 322 413 410
f 323 411 414
f 323 414 415
f 323 415 416
f 323 416 325
f 324 409 412
f 325 416 417
f 325 417 326
f 321 409 324
f 314 401 315
f 331 919 918
f 331 917 916
f 331 1066 1065
f 331 1065 1064
f 331 1064 1063
f 331 1063 956
f 331 956 834
f 331 834 720
f 331 720 622
f 331 622 523
f 331 523 522
f 331 522 521
f 331 521 520
f 331 520 519
f 331 1174 1066
f 331 519 510
f 331 509 508
f 331 508 507
f 331 507 611
f 331 611 610
f 331 610 609
f 331 609 612
f 331 612 696
f 331 696 597
f 331 597 492
f 331 492 490
f 331 490 410
f 331 410 491
f 331 510 509
f 331 918 917
f 331 1177 1174
f 331 1179 1178
f 331 916 1057
f 331 1057 1056
f 331 1056 1055
f 331 1055 1054
f 331 1054 1053
f 331 1053 1172
f 331 1172 1311
f 331 1311 1442
f 331 1442 1555
f 331 1555 1658
f 331 1658 1749
f 331 1749 1762
f 331 1178 1177
f 331 1762 1669
f 331 1667 1561
f 331 1561 1446
f 331 1446 1317
f 331 1317 1187
f 331 1187 1186
f 331 1186 1185
f 331 1185 1184
f 331 1184 1183
f 331 1183 1182
f 331 1182 1181
f 331 1181 1180
f 331 1180 1179
f 331 1669 1667
f 388 390 389
f 200 276 277
f 197 276 198
f 54 99 94
f 55 100 101
f 55 101 56
f 55 57 102
f 55 102 100
f 56 101 103
f 56 103 58
f 57 96 102
f 58 103 104
f 58 104 59
f 59 104 60
f 60 104 105
f 60 105 106
f 60 106 107
f 60 107 61
f 61 107 108
f 61 108 62
f 62 109 110
f 62 110 63
f 62 108 111
f 62 111 109
f 63 110 112
f 63 112 113
f 63 113 114
f 63 114 115
f 865 993 994
f 54 97 98
f 54 86 97
f 53 86 54
f 41 42 80
f 43 81 45
f 44 82 83
f 44 83 47
f 44 45 84
f 44 84 82
f 45 81 84
f 46 48 85
f 46 85 86
f 46 86 53
f 47 83 87
f 47 87 48
f 63 115 116
f 48 87 88
f 48 89 90
f 48 90 85
f 49 91 92
f 49 92 93
f 49 93 50
f 49 54 94
f 49 94 91
f 50 93 51
f 51 93 95
f 51 95 96
f 51 96 52
f 52 96 57
f 48 88 89
f 63 116 117
f 63 117 118
f 63 118 64
f 77 134 78
f 78 135 79
f 78 134 135
f 79 135 136
f 79 136 80
f 80 136 137
f 80 137 81
f 81 137 138
f 81 138 139
f 81 139 82
f 81 82 84
f 82 139 140
f 77 133 134
f 82 140 83
f 85 90 86
f 86 90 97
f 87 140 141
f 87 141 142
f 87 142 143
f 87 143 144
f 87 144 145
f 87 145 88
f 88 90 89
f 88 145 146
f 88 146 147
f 88 147 90
f 83 140 87
f 41 81 43
f 77 132 133
f 77 129 131
f 64 118 66
f 64 66 65
f 66 118 119
f 66 119 67
f 67 119 120
f 67 120 121
f 67 121 68
f 68 121 70
f 69 70 122
f 69 122 71
f 70 121 123
f 70 123 124
f 77 131 132
f 70 124 122
f 71 122 126
f 71 126 125
f 72 125 73
f 73 125 127
f 73 127 74
f 74 127 128
f 74 128 129
f 74 129 76
f 74 76 130
f 74 130 75
f 75 130 76
f 76 129 77
f 71 125 72
f 41 80 81
f 40 80 42
f 40 79 80
f 6 26 27
f 6 27 28
f 6 28 29
f 6 29 7
f 7 29 30
f 7 30 8
f 8 30 31
f 8 31 32
f 8 32 66
f 8 66 33
f 8 33 34
f 9 34 35
f 6 25 26
f 9 35 36
f 10 37 38
f 10 38 12
f 10 36 37
f 11 20 22
f 12 38 39
f 12 39 13
f 13 39 38
f 13 38 14
f 14 38 15
f 15 40 16
f 15 38 40
f 16 40 17
f 9 36 10
f 17 41 18
f 6 21 25
f 5 23 24
f 1 2 3
f 1 3 4
f 1 4 5
f 1 5 6
f 1 6 7
f 1 7 8
f 1 8 2
f 2 9 10
f 2 10 3
f 2 8 34
f 2 34 9
f 3 10 4
f 5 24 21
f 4 11 5
f 4 12 13
f 4 13 14
f 4 14 15
f 4 15 16
f 4 16 17
f 4 17 18
f 4 18 19
f 4 19 20
f 4 20 11
f 5 21 6
f 5 11 22
f 5 22 23
f 4 10 12
f 90 147 98
f 17 40 42
f 18 41 43
f 29 62 31
f 29 31 30
f 31 62 63
f 31 63 64
f 31 64 65
f 31 65 32
f 32 65 66
f 33 66 67
f 33 67 34
f 34 67 68
f 34 68 35
f 35 69 36
f 29 61 62
f 35 68 70
f 36 71 37
f 36 69 71
f 37 72 38
f 37 71 72
f 38 72 73
f 38 73 74
f 38 74 75
f 38 75 76
f 38 76 77
f 38 77 40
f 40 77 78
f 40 78 79
f 35 70 69
f 17 42 41
f 29 60 61
f 28 59 29
f 18 43 19
f 19 43 20
f 20 44 22
f 20 43 45
f 20 45 44
f 21 24 46
f 21 46 25
f 22 44 23
f 23 44 47
f 23 47 24
f 24 47 48
f 24 48 46
f 29 59 60
f 25 49 50
f 25 51 52
f 25 52 26
f 25 46 53
f 25 53 54
f 25 54 49
f 26 52 27
f 27 55 56
f 27 56 28
f 27 52 57
f 27 57 55
f 28 56 58
f 28 58 59
f 25 50 51
f 198 276 200
f 90 98 97
f 91 148 149
f 156 234 235
f 156 235 236
f 156 236 157
f 157 236 237
f 157 237 238
f 157 238 158
f 158 238 160
f 159 168 230
f 159 230 233
f 160 238 239
f 160 239 240
f 160 240 161
f 161 240 241
f 161 241 162
f 162 241 169
f 163 222 164
f 164 242 243
f 164 243 244
f 164 244 165
f 164 222 245
f 164 245 242
f 165 244 166
f 166 244 246
f 166 246 247
f 166 247 248
f 156 231 234
f 156 232 231
f 155 233 229
f 155 159 233
f 146 217 147
f 146 216 217
f 147 217 153
f 148 151 150
f 148 150 218
f 148 218 219
f 148 219 220
f 148 220 221
f 148 221 149
f 149 221 222
f 149 222 163
f 150 154 223
f 166 248 167
f 150 223 224
f 150 225 218
f 152 226 227
f 152 227 224
f 152 224 223
f 152 223 154
f 152 153 217
f 152 217 228
f 152 228 226
f 155 229 230
f 155 230 231
f 155 231 232
f 155 232 156
f 150 224 225
f 167 248 249
f 167 249 168
f 168 249 230
f 183 265 184
f 184 265 185
f 185 265 186
f 186 265 266
f 186 266 267
f 186 267 187
f 187 267 188
f 188 267 189
f 189 267 268
f 189 268 194
f 189 194 190
f 191 196 269
f 183 264 265
f 191 269 192
f 193 269 270
f 193 270 271
f 193 271 199
f 194 269 195
f 194 268 272
f 194 272 273
f 194 273 274
f 194 274 275
f 194 275 269
f 195 269 196
f 197 199 271
f 197 271 276
f 192 269 193
f 145 216 146
f 183 263 264
f 182 261 263
f 169 241 250
f 169 250 251
f 169 251 171
f 169 171 170
f 171 251 172
f 172 251 173
f 173 251 252
f 173 252 174
f 174 253 175
f 174 252 254
f 174 254 255
f 174 255 256
f 182 263 183
f 174 256 253
f 175 253 177
f 177 180 178
f 177 253 257
f 177 257 258
f 177 258 259
f 177 259 180
f 179 180 260
f 179 260 261
f 179 261 181
f 180 259 262
f 180 262 260
f 181 261 182
f 175 177 176
f 145 215 216
f 144 215 145
f 144 214 215
f 102 168 159
f 104 162 169
f 104 169 170
f 104 170 105
f 105 170 171
f 105 171 106
f 106 171 172
f 106 172 173
f 106 173 107
f 107 173 108
f 108 173 174
f 108 174 175
f 102 167 168
f 108 175 176
f 109 111 112
f 109 112 110
f 111 176 177
f 111 177 178
f 111 178 112
f 112 179 113
f 112 178 180
f 112 180 179
f 113 181 182
f 113 182 114
f 113 179 181
f 114 182 183
f 108 176 111
f 114 183 115
f 102 166 167
f 102 164 165
f 91 149 95
f 91 95 93
f 91 93 92
f 94 99 150
f 94 150 151
f 94 151 148
f 95 149 102
f 95 102 96
f 98 152 99
f 98 147 153
f 98 153 152
f 99 152 154
f 102 165 166
f 99 154 150
f 100 156 157
f 100 157 158
f 100 158 101
f 100 102 159
f 100 159 155
f 101 104 103
f 101 158 160
f 101 160 161
f 101 161 162
f 101 162 104
f 102 149 163
f 102 163 164
f 100 155 156
f 91 94 148
f 115 183 116
f 116 184 185
f 131 201 202
f 131 202 132
f 132 202 133
f 133 202 203
f 133 203 134
f 134 203 135
f 135 203 204
f 135 204 136
f 136 204 137
f 137 205 138
f 137 204 205
f 138 205 206
f 129 201 131
f 138 206 207
f 138 208 139
f 139 208 141
f 139 141 140
f 141 208 209
f 141 209 142
f 142 209 143
f 143 209 144
f 144 209 210
f 144 210 211
f 144 211 212
f 144 212 213
f 144 213 214
f 138 207 208
f 116 183 184
f 129 200 201
f 127 200 128
f 116 185 117
f 117 185 118
f 118 185 186
f 118 186 187
f 118 187 119
f 119 187 188
f 119 188 120
f 120 188 189
f 120 189 190
f 120 190 121
f 121 190 123
f 122 124 191
f 128 200 129
f 122 191 192
f 122 193 126
f 123 190 194
f 123 194 195
f 123 195 196
f 123 196 191
f 123 191 124
f 125 197 198
f 125 198 127
f 125 126 193
f 125 193 199
f 125 199 197
f 127 198 200
f 122 192 193
f 390 476 391
f 54 98 99
f 391 478 479
f 707 817 808
f 708 721 710
f 709 711 818
f 709 818 712
f 710 721 819
f 710 819 820
f 710 820 821
f 710 821 711
f 711 821 822
f 711 822 823
f 711 823 818
f 712 818 713
f 713 818 714
f 714 824 825
f 714 825 715
f 714 818 823
f 714 823 824
f 715 825 826
f 715 826 827
f 715 827 828
f 715 828 829
f 715 829 830
f 715 830 717
f 715 717 716
f 717 831 832
f 707 805 817
f 706 805 707
f 706 806 805
f 705 816 807
f 694 695 797
f 694 797 800
f 694 800 801
f 694 801 798
f 697 799 698
f 698 799 798
f 698 798 802
f 698 802 699
f 699 798 803
f 699 803 804
f 699 804 700
f 699 802 798
f 717 832 726
f 700 804 805
f 700 806 706
f 702 705 807
f 704 707 808
f 704 808 705
f 705 808 809
f 705 809 810
f 705 810 811
f 705 811 812
f 705 812 813
f 705 813 814
f 705 814 815
f 705 815 816
f 700 805 806
f 717 726 719
f 717 719 718
f 717 830 833
f 735 848 736
f 736 848 737
f 737 848 738
f 738 849 740
f 738 740 850
f 738 850 739
f 738 848 851
f 738 851 852
f 738 852 849
f 739 850 740
f 740 853 854
f 740 854 741
f 734 848 735
f 740 849 855
f 741 854 742
f 742 854 853
f 742 853 856
f 742 856 857
f 742 857 858
f 742 858 746
f 742 746 745
f 742 745 743
f 743 745 744
f 746 858 859
f 746 859 747
f 747 859 748
f 740 855 853
f 694 799 697
f 734 847 848
f 733 846 734
f 717 833 831
f 720 834 819
f 720 819 721
f 722 728 727
f 722 727 835
f 722 835 836
f 722 836 837
f 722 837 723
f 723 837 838
f 723 838 839
f 723 839 724
f 724 839 840
f 734 846 847
f 724 840 725
f 725 841 729
f 726 832 727
f 727 832 835
f 729 841 730
f 730 841 842
f 730 842 731
f 731 842 732
f 732 842 843
f 732 843 844
f 732 844 733
f 733 844 845
f 733 845 846
f 725 840 841
f 749 860 750
f 694 798 799
f 692 796 797
f 649 756 650
f 650 756 757
f 650 757 758
f 650 758 651
f 651 758 759
f 651 759 652
f 652 760 653
f 652 759 761
f 652 761 760
f 653 760 762
f 653 762 763
f 653 763 654
f 654 763 655
f 655 763 764
f 655 764 656
f 656 764 765
f 656 765 657
f 657 765 658
f 658 765 766
f 658 766 767
f 658 767 768
f 658 768 661
f 658 661 659
f 659 661 660
f 661 768 769
f 649 755 756
f 649 754 755
f 646 754 647
f 646 753 754
f 638 735 736
f 638 736 639
f 639 736 737
f 639 737 738
f 639 738 739
f 639 739 640
f 640 739 641
f 641 739 740
f 641 740 741
f 641 741 742
f 641 742 743
f 641 743 744
f 661 769 662
f 641 744 642
f 643 744 745
f 643 745 746
f 643 746 747
f 643 747 748
f 643 748 644
f 644 748 859
f 644 859 749
f 644 749 750
f 644 750 751
f 644 751 645
f 645 751 752
f 646 752 753
f 642 744 643
f 662 769 663
f 663 769 770
f 663 770 664
f 677 778 678
f 677 783 784
f 679 786 787
f 679 787 687
f 679 682 684
f 679 684 786
f 683 788 684
f 683 685 779
f 683 779 788
f 684 788 786
f 686 687 789
f 686 789 689
f 677 785 778
f 686 689 688
f 687 787 786
f 687 786 790
f 689 791 690
f 689 789 792
f 689 792 791
f 690 791 793
f 690 793 794
f 690 794 691
f 691 795 796
f 691 796 692
f 691 794 795
f 692 797 695
f 687 790 789
f 693 694 697
f 677 784 785
f 673 677 676
f 664 771 772
f 664 772 773
f 664 773 774
f 664 774 665
f 664 770 769
f 664 769 771
f 665 774 666
f 666 773 772
f 666 772 775
f 666 775 776
f 666 776 777
f 666 777 675
f 675 777 780
f 666 774 773
f 668 669 685
f 669 678 778
f 669 778 779
f 669 779 685
f 670 675 780
f 670 780 781
f 670 781 671
f 671 781 782
f 671 782 783
f 671 783 677
f 671 677 672
f 672 677 673
f 667 669 668
f 749 859 860
f 750 860 751
f 751 860 986
f 826 944 827
f 827 944 945
f 827 945 946
f 827 946 947
f 827 947 828
f 828 947 829
f 829 947 948
f 829 948 830
f 830 948 833
f 831 833 949
f 831 950 832
f 832 950 835
f 833 951 952
f 833 952 953
f 833 953 954
f 833 954 955
f 833 955 949
f 833 948 951
f 834 956 957
f 834 957 932
f 834 932 931
f 835 950 836
f 836 950 958
f 836 958 959
f 836 959 838
f 826 943 944
f 825 943 826
f 825 942 943
f 824 942 825
f 812 924 925
f 812 925 926
f 812 926 927
f 812 927 928
f 812 928 929
f 812 929 930
f 812 930 813
f 817 909 908
f 817 908 910
f 819 834 931
f 819 931 932
f 819 932 933
f 836 838 837
f 819 933 820
f 820 934 821
f 821 934 935
f 821 935 936
f 821 936 937
f 821 937 938
f 821 938 822
f 822 938 823
f 823 938 939
f 823 939 940
f 823 940 941
f 823 941 942
f 823 942 824
f 820 933 934
f 838 959 839
f 839 959 960
f 839 960 840
f 857 975 976
f 857 976 858
f 857 973 977
f 857 977 978
f 857 978 979
f 857 979 980
f 857 980 975
f 858 976 859
f 859 976 981
f 859 981 982
f 859 982 860
f 860 982 983
f 856 973 857
f 860 983 984
f 860 985 986
f 861 986 989
f 861 989 868
f 862 987 988
f 862 988 864
f 862 864 863
f 862 868 989
f 862 989 990
f 862 990 987
f 864 988 865
f 865 988 992
f 391 476 478
f 860 984 985
f 812 923 924
f 855 972 974
f 853 974 972
f 840 960 961
f 840 961 841
f 841 961 962
f 841 962 963
f 841 963 842
f 842 963 964
f 842 964 843
f 843 964 844
f 844 964 965
f 844 965 966
f 844 966 845
f 845 966 967
f 853 972 973
f 845 967 846
f 846 968 847
f 847 968 848
f 848 968 851
f 849 852 855
f 851 968 969
f 851 969 852
f 852 970 971
f 852 971 972
f 852 972 855
f 852 969 970
f 853 973 856
f 853 855 974
f 846 967 968
f 812 922 923
f 812 921 922
f 812 920 921
f 761 763 762
f 765 876 877
f 765 877 766
f 766 877 767
f 767 878 879
f 767 879 880
f 767 880 769
f 767 769 768
f 767 877 878
f 769 880 881
f 769 881 771
f 771 881 882
f 761 764 763
f 771 882 772
f 775 882 883
f 775 883 884
f 775 884 776
f 776 885 780
f 776 780 777
f 776 884 885
f 778 785 886
f 778 886 788
f 778 788 779
f 780 887 781
f 780 885 1019
f 780 1019 887
f 772 882 775
f 781 887 888
f 761 765 764
f 760 761 762
f 751 986 861
f 751 861 752
f 752 862 863
f 752 863 864
f 752 864 865
f 752 865 991
f 752 991 866
f 752 866 867
f 752 867 753
f 752 861 868
f 752 868 862
f 753 867 754
f 761 876 765
f 754 869 870
f 754 867 869
f 755 870 756
f 756 870 871
f 756 871 872
f 756 872 873
f 756 873 757
f 757 873 874
f 757 874 875
f 757 875 758
f 758 875 876
f 758 876 759
f 759 876 761
f 754 870 755
f 638 734 735
f 781 888 782
f 782 889 783
f 798 904 803
f 800 903 905
f 800 905 801
f 801 905 904
f 803 904 906
f 803 906 907
f 803 907 804
f 804 907 908
f 804 908 909
f 804 909 805
f 805 909 817
f 808 817 910
f 798 801 904
f 808 910 809
f 809 911 810
f 810 911 912
f 810 912 913
f 810 913 914
f 810 914 811
f 811 914 812
f 812 914 915
f 812 915 916
f 812 916 917
f 812 917 918
f 812 918 919
f 812 919 920
f 809 910 911
f 782 888 889
f 796 800 797
f 796 902 903
f 783 889 890
f 783 890 784
f 784 890 891
f 784 891 892
f 784 892 893
f 784 893 886
f 784 886 785
f 786 894 895
f 786 895 790
f 786 788 896
f 786 896 894
f 788 886 896
f 796 903 800
f 789 790 792
f 790 894 897
f 790 897 898
f 790 898 899
f 790 899 792
f 791 792 793
f 792 899 793
f 793 900 794
f 793 899 900
f 794 900 901
f 794 901 902
f 794 902 795
f 795 902 796
f 790 895 894
f 636 734 638
f 831 949 950
f 636 638 637
f 461 566 462
f 462 566 465
f 462 465 463
f 465 566 466
f 466 565 567
f 466 567 568
f 466 568 569
f 466 569 467
f 466 566 565
f 467 569 469
f 467 469 468
f 469 569 568
f 469 568 567
f 469 567 570
f 469 570 571
f 469 571 572
f 469 572 473
f 469 473 470
f 471 475 573
f 471 573 574
f 471 574 472
f 472 574 477
f 473 572 575
f 473 575 474
f 474 576 577
f 461 565 566
f 461 564 565
f 461 563 564
f 461 562 563
f 448 550 551
f 448 551 552
f 448 552 553
f 448 553 449
f 448 548 549
f 449 553 554
f 449 554 451
f 449 451 450
f 451 554 555
f 451 555 452
f 452 555 453
f 453 555 556
f 474 577 475
f 453 556 454
f 455 556 557
f 455 557 558
f 455 558 456
f 456 558 559
f 456 559 560
f 456 560 561
f 456 561 457
f 457 561 458
f 458 561 562
f 458 562 459
f 459 562 461
f 459 461 460
f 454 556 455
f 474 575 572
f 474 572 578
f 474 578 571
f 485 591 594
f 485 594 595
f 485 595 592
f 487 593 596
f 487 596 488
f 488 596 503
f 489 505 491
f 492 597 493
f 493 597 598
f 493 598 599
f 493 599 496
f 493 496 494
f 485 487 486
f 495 496 497
f 497 599 600
f 497 600 511
f 499 504 601
f 499 601 602
f 499 602 603
f 499 603 604
f 499 604 605
f 499 605 606
f 499 606 500
f 500 606 501
f 501 606 605
f 501 605 608
f 496 599 497
f 448 549 550
f 485 593 487
f 484 591 485
f 474 571 570
f 474 570 579
f 474 579 580
f 474 580 576
f 475 577 573
f 476 477 581
f 476 581 582
f 476 582 583
f 476 583 478
f 477 574 584
f 477 584 581
f 478 585 586
f 485 592 593
f 478 586 481
f 478 587 479
f 478 583 582
f 478 582 588
f 478 588 585
f 479 587 481
f 479 481 480
f 481 586 589
f 481 589 590
f 481 590 482
f 482 590 591
f 482 591 483
f 483 591 484
f 478 481 587
f 446 448 447
f 446 548 448
f 446 547 548
f 414 490 492
f 414 492 493
f 414 493 494
f 414 494 415
f 415 494 416
f 416 495 417
f 416 494 496
f 416 496 495
f 417 495 418
f 419 495 420
f 420 495 497
f 420 497 431
f 412 489 491
f 421 423 498
f 422 499 500
f 422 500 501
f 422 501 502
f 422 502 423
f 423 502 498
f 425 488 503
f 425 503 426
f 426 503 427
f 427 503 504
f 427 504 499
f 429 491 430
f 430 505 489
f 422 427 499
f 430 491 505
f 410 412 491
f 410 414 411
f 391 479 394
f 636 733 734
f 391 394 392
f 392 394 393
f 394 479 480
f 394 480 481
f 394 481 482
f 394 482 400
f 399 400 482
f 399 482 483
f 399 483 484
f 399 484 485
f 410 413 412
f 399 485 486
f 399 402 401
f 402 486 403
f 403 486 487
f 403 487 488
f 403 488 425
f 403 428 404
f 406 430 489
f 406 489 408
f 406 408 407
f 408 489 409
f 409 489 412
f 410 490 414
f 399 486 402
f 501 608 607
f 431 506 507
f 431 508 509
f 436 528 438
f 436 438 437
f 438 528 533
f 438 533 534
f 438 534 535
f 438 535 440
f 439 526 525
f 439 525 536
f 439 536 537
f 439 537 538
f 439 538 539
f 439 539 532
f 435 532 529
f 440 535 443
f 441 443 442
f 443 535 444
f 444 535 540
f 444 540 541
f 444 541 445
f 445 541 542
f 445 542 543
f 445 543 544
f 445 544 545
f 445 545 446
f 446 545 546
f 446 546 547
f 440 443 441
f 431 507 508
f 435 439 532
f 434 530 531
f 431 509 510
f 431 510 432
f 431 497 511
f 431 511 512
f 431 512 506
f 432 513 514
f 432 514 515
f 432 515 516
f 432 516 517
f 432 517 518
f 432 518 433
f 432 510 519
f 434 531 527
f 432 519 520
f 432 521 522
f 432 522 523
f 432 523 513
f 433 518 517
f 433 517 524
f 433 524 525
f 433 525 526
f 433 526 439
f 434 527 528
f 434 528 436
f 434 435 529
f 434 529 530
f 432 520 521
f 503 596 504
f 418 495 419
f 506 512 609
f 589 688 590
f 590 688 689
f 590 689 690
f 590 690 591
f 591 690 691
f 591 691 692
f 591 692 594
f 592 693 596
f 592 596 593
f 592 595 694
f 592 694 693
f 594 692 595
f 595 692 695
f 595 695 694
f 596 693 601
f 597 696 598
f 598 600 599
f 598 696 600
f 600 696 612
f 601 693 697
f 601 697 698
f 601 698 602
f 602 698 603
f 603 698 699
f 603 699 700
f 588 679 687
f 588 680 679
f 586 688 589
f 586 686 688
f 579 670 671
f 579 671 672
f 579 672 673
f 579 673 674
f 579 674 580
f 579 666 675
f 579 675 670
f 580 674 673
f 580 673 676
f 580 676 677
f 580 677 678
f 580 678 669
f 603 700 701
f 581 584 582
f 582 680 588
f 582 584 681
f 582 681 682
f 582 682 679
f 584 683 684
f 584 684 682
f 584 682 681
f 584 668 685
f 584 685 683
f 585 686 586
f 585 588 687
f 585 687 686
f 582 679 680
f 603 701 604
f 604 701 605
f 605 701 700
f 622 720 623
f 623 721 708
f 623 708 624
f 623 720 721
f 626 632 722
f 626 723 724
f 626 724 627
f 627 724 628
f 628 724 725
f 628 725 629
f 629 725 633
f 630 726 727
f 621 630 625
f 630 727 631
f 631 727 728
f 631 728 632
f 632 728 722
f 633 725 729
f 633 729 730
f 633 730 731
f 633 731 732
f 633 732 634
f 634 732 635
f 635 733 636
f 504 596 601
f 635 732 733
f 630 719 726
f 576 669 667
f 621 719 630
f 620 718 621
f 605 700 608
f 607 608 703
f 607 703 704
f 607 704 705
f 607 705 702
f 608 700 706
f 608 706 707
f 608 707 704
f 608 704 703
f 613 624 614
f 614 624 708
f 614 708 616
f 621 718 719
f 616 708 617
f 617 708 710
f 617 710 711
f 617 711 709
f 618 709 712
f 618 712 713
f 618 713 619
f 619 713 714
f 619 714 620
f 620 714 715
f 620 715 716
f 620 716 717
f 620 717 718
f 617 709 618
f 576 580 669
f 626 722 723
f 573 668 574
f 530 532 538
f 530 538 626
f 530 626 627
f 530 627 531
f 531 627 628
f 531 628 533
f 532 539 538
f 533 629 540
f 533 540 534
f 533 628 629
f 534 540 535
f 536 625 630
f 529 532 530
f 536 630 631
f 537 631 538
f 538 631 632
f 538 632 626
f 540 629 633
f 540 633 541
f 541 633 634
f 541 634 635
f 541 635 542
f 542 635 543
f 543 635 636
f 543 636 637
f 543 637 638
f 536 631 537
f 543 638 544
f 527 533 528
f 525 625 536
f 506 610 611
f 506 611 507
f 574 668 584
f 506 609 610
f 511 600 512
f 512 600 612
f 512 612 609
f 513 523 514
f 514 613 515
f 514 523 613
f 515 613 614
f 515 614 615
f 527 531 533
f 515 615 516
f 517 614 616
f 517 616 617
f 517 617 618
f 517 618 619
f 517 619 620
f 517 620 621
f 517 621 525
f 517 525 524
f 523 622 623
f 523 623 624
f 523 624 613
f 525 621 625
f 516 615 517
f 544 638 639
f 517 615 614
f 544 640 545
f 557 654 655
f 557 655 656
f 557 656 558
f 558 656 657
f 558 657 559
f 559 657 658
f 559 658 560
f 560 658 561
f 561 658 659
f 561 659 660
f 561 660 562
f 562 660 563
f 563 660 661
f 563 661 662
f 563 662 564
f 564 662 565
f 565 662 663
f 567 663 664
f 567 664 570
f 570 664 665
f 570 665 666
f 570 666 579
f 573 667 668
f 544 639 640
f 573 576 667
f 571 578 572
f 573 577 576
f 556 654 557
f 554 556 555
f 565 663 567
f 553 654 554
f 545 640 546
f 546 640 547
f 547 640 548
f 548 640 641
f 554 654 556
f 548 642 643
f 548 643 644
f 548 644 549
f 549 645 752
f 549 752 646
f 549 646 550
f 549 644 645
f 550 647 551
f 550 646 647
f 548 641 642
f 551 652 648
f 551 648 552
f 551 647 754
f 551 754 649
f 551 649 650
f 552 652 653
f 552 648 652
f 551 650 651
f 552 653 553
f 551 651 652
f 553 653 654

